game_id,language,n_rounds_is_known,max_rounds,played_rounds,agents_communicate,elicit_beliefs,tom_order,agent1_name,agent1_llm,agent1_personality,agent1_knows_opponent_with_prob,agent1_baseline_strategy,agent1_strategies,agent1_scores,agent1_messages,agent1_regret_per_round,agent1_regret_mean,agent2_name,agent2_llm,agent2_personality,agent2_knows_opponent_with_prob,agent2_baseline_strategy,agent2_strategies,agent2_scores,agent2_messages,agent2_regret_per_round,agent2_regret_mean,welfare_mean_sum,welfare_mean_min,welfare_mean_gini,welfare_efficiency,welfare_per_round
game_0,en,True,10,10,False,False,1,agent1,baseline:TitForTat,neutral,0.0,tit_for_tat,"['OptionA', 'OptionA', 'OptionA', 'OptionA', 'OptionA', 'OptionA', 'OptionA', 'OptionA', 'OptionA', 'OptionA']","[6.0, 6.0, 6.0, 6.0, 6.0, 6.0, 6.0, 6.0, 6.0, 6.0]",[],"[4.0, 4.0, 4.0, 4.0, 4.0, 4.0, 4.0, 4.0, 4.0, 4.0]",4.0,agent2,baseline:AlwaysCooperate,neutral,0.0,always_cooperate,"['OptionA', 'OptionA', 'OptionA', 'OptionA', 'OptionA', 'OptionA', 'OptionA', 'OptionA', 'OptionA', 'OptionA']","[6.0, 6.0, 6.0, 6.0, 6.0, 6.0, 6.0, 6.0, 6.0, 6.0]",[],"[4.0, 4.0, 4.0, 4.0, 4.0, 4.0, 4.0, 4.0, 4.0, 4.0]",4.0,12.0,6.0,0.0,,"[{'sum': 12.0, 'mean': 6.0, 'min': 6.0, 'max': 6.0, 'gini': 0.0}, {'sum': 12.0, 'mean': 6.0, 'min': 6.0, 'max': 6.0, 'gini': 0.0}, {'sum': 12.0, 'mean': 6.0, 'min': 6.0, 'max': 6.0, 'gini': 0.0}, {'sum': 12.0, 'mean': 6.0, 'min': 6.0, 'max': 6.0, 'gini': 0.0}, {'sum': 12.0, 'mean': 6.0, 'min': 6.0, 'max': 6.0, 'gini': 0.0}, {'sum': 12.0, 'mean': 6.0, 'min': 6.0, 'max': 6.0, 'gini': 0.0}, {'sum': 12.0, 'mean': 6.0, 'min': 6.0, 'max': 6.0, 'gini': 0.0}, {'sum': 12.0, 'mean': 6.0, 'min': 6.0, 'max': 6.0, 'gini': 0.0}, {'sum': 12.0, 'mean': 6.0, 'min': 6.0, 'max': 6.0, 'gini': 0.0}, {'sum': 12.0, 'mean': 6.0, 'min': 6.0, 'max': 6.0, 'gini': 0.0}]"
game_1,en,True,10,10,False,False,1,agent1,baseline:TitForTat,neutral,0.0,tit_for_tat,"['OptionA', 'OptionA', 'OptionA', 'OptionA', 'OptionA', 'OptionA', 'OptionA', 'OptionA', 'OptionA', 'OptionA']","[6.0, 6.0, 6.0, 6.0, 6.0, 6.0, 6.0, 6.0, 6.0, 6.0]",[],"[4.0, 4.0, 4.0, 4.0, 4.0, 4.0, 4.0, 4.0, 4.0, 4.0]",4.0,agent2,baseline:AlwaysCooperate,neutral,0.0,always_cooperate,"['OptionA', 'OptionA', 'OptionA', 'OptionA', 'OptionA', 'OptionA', 'OptionA', 'OptionA', 'OptionA', 'OptionA']","[6.0, 6.0, 6.0, 6.0, 6.0, 6.0, 6.0, 6.0, 6.0, 6.0]",[],"[4.0, 4.0, 4.0, 4.0, 4.0, 4.0, 4.0, 4.0, 4.0, 4.0]",4.0,12.0,6.0,0.0,,"[{'sum': 12.0, 'mean': 6.0, 'min': 6.0, 'max': 6.0, 'gini': 0.0}, {'sum': 12.0, 'mean': 6.0, 'min': 6.0, 'max': 6.0, 'gini': 0.0}, {'sum': 12.0, 'mean': 6.0, 'min': 6.0, 'max': 6.0, 'gini': 0.0}, {'sum': 12.0, 'mean': 6.0, 'min': 6.0, 'max': 6.0, 'gini': 0.0}, {'sum': 12.0, 'mean': 6.0, 'min': 6.0, 'max': 6.0, 'gini': 0.0}, {'sum': 12.0, 'mean': 6.0, 'min': 6.0, 'max': 6.0, 'gini': 0.0}, {'sum': 12.0, 'mean': 6.0, 'min': 6.0, 'max': 6.0, 'gini': 0.0}, {'sum': 12.0, 'mean': 6.0, 'min': 6.0, 'max': 6.0, 'gini': 0.0}, {'sum': 12.0, 'mean': 6.0, 'min': 6.0, 'max': 6.0, 'gini': 0.0}, {'sum': 12.0, 'mean': 6.0, 'min': 6.0, 'max': 6.0, 'gini': 0.0}]"
game_2,en,True,10,10,False,False,1,agent1,baseline:TitForTat,neutral,0.0,tit_for_tat,"['OptionA', 'OptionA', 'OptionA', 'OptionA', 'OptionA', 'OptionA', 'OptionA', 'OptionA', 'OptionA', 'OptionA']","[6.0, 6.0, 6.0, 6.0, 6.0, 6.0, 6.0, 6.0, 6.0, 6.0]",[],"[4.0, 4.0, 4.0, 4.0, 4.0, 4.0, 4.0, 4.0, 4.0, 4.0]",4.0,agent2,baseline:AlwaysCooperate,neutral,0.0,always_cooperate,"['OptionA', 'OptionA', 'OptionA', 'OptionA', 'OptionA', 'OptionA', 'OptionA', 'OptionA', 'OptionA', 'OptionA']","[6.0, 6.0, 6.0, 6.0, 6.0, 6.0, 6.0, 6.0, 6.0, 6.0]",[],"[4.0, 4.0, 4.0, 4.0, 4.0, 4.0, 4.0, 4.0, 4.0, 4.0]",4.0,12.0,6.0,0.0,,"[{'sum': 12.0, 'mean': 6.0, 'min': 6.0, 'max': 6.0, 'gini': 0.0}, {'sum': 12.0, 'mean': 6.0, 'min': 6.0, 'max': 6.0, 'gini': 0.0}, {'sum': 12.0, 'mean': 6.0, 'min': 6.0, 'max': 6.0, 'gini': 0.0}, {'sum': 12.0, 'mean': 6.0, 'min': 6.0, 'max': 6.0, 'gini': 0.0}, {'sum': 12.0, 'mean': 6.0, 'min': 6.0, 'max': 6.0, 'gini': 0.0}, {'sum': 12.0, 'mean': 6.0, 'min': 6.0, 'max': 6.0, 'gini': 0.0}, {'sum': 12.0, 'mean': 6.0, 'min': 6.0, 'max': 6.0, 'gini': 0.0}, {'sum': 12.0, 'mean': 6.0, 'min': 6.0, 'max': 6.0, 'gini': 0.0}, {'sum': 12.0, 'mean': 6.0, 'min': 6.0, 'max': 6.0, 'gini': 0.0}, {'sum': 12.0, 'mean': 6.0, 'min': 6.0, 'max': 6.0, 'gini': 0.0}]"
game_3,en,True,10,10,False,False,1,agent1,baseline:TitForTat,neutral,0.0,tit_for_tat,"['OptionA', 'OptionA', 'OptionA', 'OptionA', 'OptionA', 'OptionA', 'OptionA', 'OptionA', 'OptionA', 'OptionA']","[6.0, 6.0, 6.0, 6.0, 6.0, 6.0, 6.0, 6.0, 6.0, 6.0]",[],"[4.0, 4.0, 4.0, 4.0, 4.0, 4.0, 4.0, 4.0, 4.0, 4.0]",4.0,agent2,baseline:AlwaysCooperate,neutral,0.0,always_cooperate,"['OptionA', 'OptionA', 'OptionA', 'OptionA', 'OptionA', 'OptionA', 'OptionA', 'OptionA', 'OptionA', 'OptionA']","[6.0, 6.0, 6.0, 6.0, 6.0, 6.0, 6.0, 6.0, 6.0, 6.0]",[],"[4.0, 4.0, 4.0, 4.0, 4.0, 4.0, 4.0, 4.0, 4.0, 4.0]",4.0,12.0,6.0,0.0,,"[{'sum': 12.0, 'mean': 6.0, 'min': 6.0, 'max': 6.0, 'gini': 0.0}, {'sum': 12.0, 'mean': 6.0, 'min': 6.0, 'max': 6.0, 'gini': 0.0}, {'sum': 12.0, 'mean': 6.0, 'min': 6.0, 'max': 6.0, 'gini': 0.0}, {'sum': 12.0, 'mean': 6.0, 'min': 6.0, 'max': 6.0, 'gini': 0.0}, {'sum': 12.0, 'mean': 6.0, 'min': 6.0, 'max': 6.0, 'gini': 0.0}, {'sum': 12.0, 'mean': 6.0, 'min': 6.0, 'max': 6.0, 'gini': 0.0}, {'sum': 12.0, 'mean': 6.0, 'min': 6.0, 'max': 6.0, 'gini': 0.0}, {'sum': 12.0, 'mean': 6.0, 'min': 6.0, 'max': 6.0, 'gini': 0.0}, {'sum': 12.0, 'mean': 6.0, 'min': 6.0, 'max': 6.0, 'gini': 0.0}, {'sum': 12.0, 'mean': 6.0, 'min': 6.0, 'max': 6.0, 'gini': 0.0}]"
game_4,en,True,10,10,False,False,1,agent1,baseline:TitForTat,neutral,0.0,tit_for_tat,"['OptionA', 'OptionA', 'OptionA', 'OptionA', 'OptionA', 'OptionA', 'OptionA', 'OptionA', 'OptionA', 'OptionA']","[6.0, 6.0, 6.0, 6.0, 6.0, 6.0, 6.0, 6.0, 6.0, 6.0]",[],"[4.0, 4.0, 4.0, 4.0, 4.0, 4.0, 4.0, 4.0, 4.0, 4.0]",4.0,agent2,baseline:AlwaysCooperate,neutral,0.0,always_cooperate,"['OptionA', 'OptionA', 'OptionA', 'OptionA', 'OptionA', 'OptionA', 'OptionA', 'OptionA', 'OptionA', 'OptionA']","[6.0, 6.0, 6.0, 6.0, 6.0, 6.0, 6.0, 6.0, 6.0, 6.0]",[],"[4.0, 4.0, 4.0, 4.0, 4.0, 4.0, 4.0, 4.0, 4.0, 4.0]",4.0,12.0,6.0,0.0,,"[{'sum': 12.0, 'mean': 6.0, 'min': 6.0, 'max': 6.0, 'gini': 0.0}, {'sum': 12.0, 'mean': 6.0, 'min': 6.0, 'max': 6.0, 'gini': 0.0}, {'sum': 12.0, 'mean': 6.0, 'min': 6.0, 'max': 6.0, 'gini': 0.0}, {'sum': 12.0, 'mean': 6.0, 'min': 6.0, 'max': 6.0, 'gini': 0.0}, {'sum': 12.0, 'mean': 6.0, 'min': 6.0, 'max': 6.0, 'gini': 0.0}, {'sum': 12.0, 'mean': 6.0, 'min': 6.0, 'max': 6.0, 'gini': 0.0}, {'sum': 12.0, 'mean': 6.0, 'min': 6.0, 'max': 6.0, 'gini': 0.0}, {'sum': 12.0, 'mean': 6.0, 'min': 6.0, 'max': 6.0, 'gini': 0.0}, {'sum': 12.0, 'mean': 6.0, 'min': 6.0, 'max': 6.0, 'gini': 0.0}, {'sum': 12.0, 'mean': 6.0, 'min': 6.0, 'max': 6.0, 'gini': 0.0}]"
game_5,en,True,10,10,False,False,1,agent1,baseline:TitForTat,neutral,0.0,tit_for_tat,"['OptionA', 'OptionA', 'OptionA', 'OptionA', 'OptionA', 'OptionA', 'OptionA', 'OptionA', 'OptionA', 'OptionA']","[6.0, 6.0, 6.0, 6.0, 6.0, 6.0, 6.0, 6.0, 6.0, 6.0]",[],"[4.0, 4.0, 4.0, 4.0, 4.0, 4.0, 4.0, 4.0, 4.0, 4.0]",4.0,agent2,baseline:AlwaysCooperate,neutral,0.0,always_cooperate,"['OptionA', 'OptionA', 'OptionA', 'OptionA', 'OptionA', 'OptionA', 'OptionA', 'OptionA', 'OptionA', 'OptionA']","[6.0, 6.0, 6.0, 6.0, 6.0, 6.0, 6.0, 6.0, 6.0, 6.0]",[],"[4.0, 4.0, 4.0, 4.0, 4.0, 4.0, 4.0, 4.0, 4.0, 4.0]",4.0,12.0,6.0,0.0,,"[{'sum': 12.0, 'mean': 6.0, 'min': 6.0, 'max': 6.0, 'gini': 0.0}, {'sum': 12.0, 'mean': 6.0, 'min': 6.0, 'max': 6.0, 'gini': 0.0}, {'sum': 12.0, 'mean': 6.0, 'min': 6.0, 'max': 6.0, 'gini': 0.0}, {'sum': 12.0, 'mean': 6.0, 'min': 6.0, 'max': 6.0, 'gini': 0.0}, {'sum': 12.0, 'mean': 6.0, 'min': 6.0, 'max': 6.0, 'gini': 0.0}, {'sum': 12.0, 'mean': 6.0, 'min': 6.0, 'max': 6.0, 'gini': 0.0}, {'sum': 12.0, 'mean': 6.0, 'min': 6.0, 'max': 6.0, 'gini': 0.0}, {'sum': 12.0, 'mean': 6.0, 'min': 6.0, 'max': 6.0, 'gini': 0.0}, {'sum': 12.0, 'mean': 6.0, 'min': 6.0, 'max': 6.0, 'gini': 0.0}, {'sum': 12.0, 'mean': 6.0, 'min': 6.0, 'max': 6.0, 'gini': 0.0}]"
game_6,en,True,10,10,False,False,1,agent1,baseline:TitForTat,neutral,0.0,tit_for_tat,"['OptionA', 'OptionA', 'OptionA', 'OptionA', 'OptionA', 'OptionA', 'OptionA', 'OptionA', 'OptionA', 'OptionA']","[6.0, 6.0, 6.0, 6.0, 6.0, 6.0, 6.0, 6.0, 6.0, 6.0]",[],"[4.0, 4.0, 4.0, 4.0, 4.0, 4.0, 4.0, 4.0, 4.0, 4.0]",4.0,agent2,baseline:AlwaysCooperate,neutral,0.0,always_cooperate,"['OptionA', 'OptionA', 'OptionA', 'OptionA', 'OptionA', 'OptionA', 'OptionA', 'OptionA', 'OptionA', 'OptionA']","[6.0, 6.0, 6.0, 6.0, 6.0, 6.0, 6.0, 6.0, 6.0, 6.0]",[],"[4.0, 4.0, 4.0, 4.0, 4.0, 4.0, 4.0, 4.0, 4.0, 4.0]",4.0,12.0,6.0,0.0,,"[{'sum': 12.0, 'mean': 6.0, 'min': 6.0, 'max': 6.0, 'gini': 0.0}, {'sum': 12.0, 'mean': 6.0, 'min': 6.0, 'max': 6.0, 'gini': 0.0}, {'sum': 12.0, 'mean': 6.0, 'min': 6.0, 'max': 6.0, 'gini': 0.0}, {'sum': 12.0, 'mean': 6.0, 'min': 6.0, 'max': 6.0, 'gini': 0.0}, {'sum': 12.0, 'mean': 6.0, 'min': 6.0, 'max': 6.0, 'gini': 0.0}, {'sum': 12.0, 'mean': 6.0, 'min': 6.0, 'max': 6.0, 'gini': 0.0}, {'sum': 12.0, 'mean': 6.0, 'min': 6.0, 'max': 6.0, 'gini': 0.0}, {'sum': 12.0, 'mean': 6.0, 'min': 6.0, 'max': 6.0, 'gini': 0.0}, {'sum': 12.0, 'mean': 6.0, 'min': 6.0, 'max': 6.0, 'gini': 0.0}, {'sum': 12.0, 'mean': 6.0, 'min': 6.0, 'max': 6.0, 'gini': 0.0}]"
game_7,en,True,10,10,False,False,1,agent1,baseline:TitForTat,neutral,0.0,tit_for_tat,"['OptionA', 'OptionA', 'OptionA', 'OptionA', 'OptionA', 'OptionA', 'OptionA', 'OptionA', 'OptionA', 'OptionA']","[6.0, 6.0, 6.0, 6.0, 6.0, 6.0, 6.0, 6.0, 6.0, 6.0]",[],"[4.0, 4.0, 4.0, 4.0, 4.0, 4.0, 4.0, 4.0, 4.0, 4.0]",4.0,agent2,baseline:AlwaysCooperate,neutral,0.0,always_cooperate,"['OptionA', 'OptionA', 'OptionA', 'OptionA', 'OptionA', 'OptionA', 'OptionA', 'OptionA', 'OptionA', 'OptionA']","[6.0, 6.0, 6.0, 6.0, 6.0, 6.0, 6.0, 6.0, 6.0, 6.0]",[],"[4.0, 4.0, 4.0, 4.0, 4.0, 4.0, 4.0, 4.0, 4.0, 4.0]",4.0,12.0,6.0,0.0,,"[{'sum': 12.0, 'mean': 6.0, 'min': 6.0, 'max': 6.0, 'gini': 0.0}, {'sum': 12.0, 'mean': 6.0, 'min': 6.0, 'max': 6.0, 'gini': 0.0}, {'sum': 12.0, 'mean': 6.0, 'min': 6.0, 'max': 6.0, 'gini': 0.0}, {'sum': 12.0, 'mean': 6.0, 'min': 6.0, 'max': 6.0, 'gini': 0.0}, {'sum': 12.0, 'mean': 6.0, 'min': 6.0, 'max': 6.0, 'gini': 0.0}, {'sum': 12.0, 'mean': 6.0, 'min': 6.0, 'max': 6.0, 'gini': 0.0}, {'sum': 12.0, 'mean': 6.0, 'min': 6.0, 'max': 6.0, 'gini': 0.0}, {'sum': 12.0, 'mean': 6.0, 'min': 6.0, 'max': 6.0, 'gini': 0.0}, {'sum': 12.0, 'mean': 6.0, 'min': 6.0, 'max': 6.0, 'gini': 0.0}, {'sum': 12.0, 'mean': 6.0, 'min': 6.0, 'max': 6.0, 'gini': 0.0}]"
game_8,en,True,10,10,False,False,1,agent1,baseline:TitForTat,neutral,0.0,tit_for_tat,"['OptionA', 'OptionA', 'OptionA', 'OptionA', 'OptionA', 'OptionA', 'OptionA', 'OptionA', 'OptionA', 'OptionA']","[6.0, 6.0, 6.0, 6.0, 6.0, 6.0, 6.0, 6.0, 6.0, 6.0]",[],"[4.0, 4.0, 4.0, 4.0, 4.0, 4.0, 4.0, 4.0, 4.0, 4.0]",4.0,agent2,baseline:AlwaysCooperate,neutral,0.0,always_cooperate,"['OptionA', 'OptionA', 'OptionA', 'OptionA', 'OptionA', 'OptionA', 'OptionA', 'OptionA', 'OptionA', 'OptionA']","[6.0, 6.0, 6.0, 6.0, 6.0, 6.0, 6.0, 6.0, 6.0, 6.0]",[],"[4.0, 4.0, 4.0, 4.0, 4.0, 4.0, 4.0, 4.0, 4.0, 4.0]",4.0,12.0,6.0,0.0,,"[{'sum': 12.0, 'mean': 6.0, 'min': 6.0, 'max': 6.0, 'gini': 0.0}, {'sum': 12.0, 'mean': 6.0, 'min': 6.0, 'max': 6.0, 'gini': 0.0}, {'sum': 12.0, 'mean': 6.0, 'min': 6.0, 'max': 6.0, 'gini': 0.0}, {'sum': 12.0, 'mean': 6.0, 'min': 6.0, 'max': 6.0, 'gini': 0.0}, {'sum': 12.0, 'mean': 6.0, 'min': 6.0, 'max': 6.0, 'gini': 0.0}, {'sum': 12.0, 'mean': 6.0, 'min': 6.0, 'max': 6.0, 'gini': 0.0}, {'sum': 12.0, 'mean': 6.0, 'min': 6.0, 'max': 6.0, 'gini': 0.0}, {'sum': 12.0, 'mean': 6.0, 'min': 6.0, 'max': 6.0, 'gini': 0.0}, {'sum': 12.0, 'mean': 6.0, 'min': 6.0, 'max': 6.0, 'gini': 0.0}, {'sum': 12.0, 'mean': 6.0, 'min': 6.0, 'max': 6.0, 'gini': 0.0}]"
game_9,en,True,10,10,False,False,1,agent1,baseline:TitForTat,neutral,0.0,tit_for_tat,"['OptionA', 'OptionA', 'OptionA', 'OptionA', 'OptionA', 'OptionA', 'OptionA', 'OptionA', 'OptionA', 'OptionA']","[6.0, 6.0, 6.0, 6.0, 6.0, 6.0, 6.0, 6.0, 6.0, 6.0]",[],"[4.0, 4.0, 4.0, 4.0, 4.0, 4.0, 4.0, 4.0, 4.0, 4.0]",4.0,agent2,baseline:AlwaysCooperate,neutral,0.0,always_cooperate,"['OptionA', 'OptionA', 'OptionA', 'OptionA', 'OptionA', 'OptionA', 'OptionA', 'OptionA', 'OptionA', 'OptionA']","[6.0, 6.0, 6.0, 6.0, 6.0, 6.0, 6.0, 6.0, 6.0, 6.0]",[],"[4.0, 4.0, 4.0, 4.0, 4.0, 4.0, 4.0, 4.0, 4.0, 4.0]",4.0,12.0,6.0,0.0,,"[{'sum': 12.0, 'mean': 6.0, 'min': 6.0, 'max': 6.0, 'gini': 0.0}, {'sum': 12.0, 'mean': 6.0, 'min': 6.0, 'max': 6.0, 'gini': 0.0}, {'sum': 12.0, 'mean': 6.0, 'min': 6.0, 'max': 6.0, 'gini': 0.0}, {'sum': 12.0, 'mean': 6.0, 'min': 6.0, 'max': 6.0, 'gini': 0.0}, {'sum': 12.0, 'mean': 6.0, 'min': 6.0, 'max': 6.0, 'gini': 0.0}, {'sum': 12.0, 'mean': 6.0, 'min': 6.0, 'max': 6.0, 'gini': 0.0}, {'sum': 12.0, 'mean': 6.0, 'min': 6.0, 'max': 6.0, 'gini': 0.0}, {'sum': 12.0, 'mean': 6.0, 'min': 6.0, 'max': 6.0, 'gini': 0.0}, {'sum': 12.0, 'mean': 6.0, 'min': 6.0, 'max': 6.0, 'gini': 0.0}, {'sum': 12.0, 'mean': 6.0, 'min': 6.0, 'max': 6.0, 'gini': 0.0}]"
game_10,en,True,10,10,False,False,1,agent1,baseline:TitForTat,neutral,0.0,tit_for_tat,"['OptionA', 'OptionA', 'OptionA', 'OptionA', 'OptionA', 'OptionA', 'OptionA', 'OptionA', 'OptionA', 'OptionA']","[6.0, 6.0, 6.0, 6.0, 6.0, 6.0, 6.0, 6.0, 6.0, 6.0]",[],"[4.0, 4.0, 4.0, 4.0, 4.0, 4.0, 4.0, 4.0, 4.0, 4.0]",4.0,agent2,baseline:AlwaysCooperate,neutral,0.0,always_cooperate,"['OptionA', 'OptionA', 'OptionA', 'OptionA', 'OptionA', 'OptionA', 'OptionA', 'OptionA', 'OptionA', 'OptionA']","[6.0, 6.0, 6.0, 6.0, 6.0, 6.0, 6.0, 6.0, 6.0, 6.0]",[],"[4.0, 4.0, 4.0, 4.0, 4.0, 4.0, 4.0, 4.0, 4.0, 4.0]",4.0,12.0,6.0,0.0,,"[{'sum': 12.0, 'mean': 6.0, 'min': 6.0, 'max': 6.0, 'gini': 0.0}, {'sum': 12.0, 'mean': 6.0, 'min': 6.0, 'max': 6.0, 'gini': 0.0}, {'sum': 12.0, 'mean': 6.0, 'min': 6.0, 'max': 6.0, 'gini': 0.0}, {'sum': 12.0, 'mean': 6.0, 'min': 6.0, 'max': 6.0, 'gini': 0.0}, {'sum': 12.0, 'mean': 6.0, 'min': 6.0, 'max': 6.0, 'gini': 0.0}, {'sum': 12.0, 'mean': 6.0, 'min': 6.0, 'max': 6.0, 'gini': 0.0}, {'sum': 12.0, 'mean': 6.0, 'min': 6.0, 'max': 6.0, 'gini': 0.0}, {'sum': 12.0, 'mean': 6.0, 'min': 6.0, 'max': 6.0, 'gini': 0.0}, {'sum': 12.0, 'mean': 6.0, 'min': 6.0, 'max': 6.0, 'gini': 0.0}, {'sum': 12.0, 'mean': 6.0, 'min': 6.0, 'max': 6.0, 'gini': 0.0}]"
game_11,en,True,10,10,False,False,1,agent1,baseline:TitForTat,neutral,0.0,tit_for_tat,"['OptionA', 'OptionA', 'OptionA', 'OptionA', 'OptionA', 'OptionA', 'OptionA', 'OptionA', 'OptionA', 'OptionA']","[6.0, 6.0, 6.0, 6.0, 6.0, 6.0, 6.0, 6.0, 6.0, 6.0]",[],"[4.0, 4.0, 4.0, 4.0, 4.0, 4.0, 4.0, 4.0, 4.0, 4.0]",4.0,agent2,baseline:AlwaysCooperate,neutral,0.0,always_cooperate,"['OptionA', 'OptionA', 'OptionA', 'OptionA', 'OptionA', 'OptionA', 'OptionA', 'OptionA', 'OptionA', 'OptionA']","[6.0, 6.0, 6.0, 6.0, 6.0, 6.0, 6.0, 6.0, 6.0, 6.0]",[],"[4.0, 4.0, 4.0, 4.0, 4.0, 4.0, 4.0, 4.0, 4.0, 4.0]",4.0,12.0,6.0,0.0,,"[{'sum': 12.0, 'mean': 6.0, 'min': 6.0, 'max': 6.0, 'gini': 0.0}, {'sum': 12.0, 'mean': 6.0, 'min': 6.0, 'max': 6.0, 'gini': 0.0}, {'sum': 12.0, 'mean': 6.0, 'min': 6.0, 'max': 6.0, 'gini': 0.0}, {'sum': 12.0, 'mean': 6.0, 'min': 6.0, 'max': 6.0, 'gini': 0.0}, {'sum': 12.0, 'mean': 6.0, 'min': 6.0, 'max': 6.0, 'gini': 0.0}, {'sum': 12.0, 'mean': 6.0, 'min': 6.0, 'max': 6.0, 'gini': 0.0}, {'sum': 12.0, 'mean': 6.0, 'min': 6.0, 'max': 6.0, 'gini': 0.0}, {'sum': 12.0, 'mean': 6.0, 'min': 6.0, 'max': 6.0, 'gini': 0.0}, {'sum': 12.0, 'mean': 6.0, 'min': 6.0, 'max': 6.0, 'gini': 0.0}, {'sum': 12.0, 'mean': 6.0, 'min': 6.0, 'max': 6.0, 'gini': 0.0}]"
game_12,en,True,10,10,False,False,1,agent1,baseline:TitForTat,neutral,0.0,tit_for_tat,"['OptionA', 'OptionA', 'OptionA', 'OptionA', 'OptionA', 'OptionA', 'OptionA', 'OptionA', 'OptionA', 'OptionA']","[6.0, 6.0, 6.0, 6.0, 6.0, 6.0, 6.0, 6.0, 6.0, 6.0]",[],"[4.0, 4.0, 4.0, 4.0, 4.0, 4.0, 4.0, 4.0, 4.0, 4.0]",4.0,agent2,baseline:AlwaysCooperate,neutral,0.0,always_cooperate,"['OptionA', 'OptionA', 'OptionA', 'OptionA', 'OptionA', 'OptionA', 'OptionA', 'OptionA', 'OptionA', 'OptionA']","[6.0, 6.0, 6.0, 6.0, 6.0, 6.0, 6.0, 6.0, 6.0, 6.0]",[],"[4.0, 4.0, 4.0, 4.0, 4.0, 4.0, 4.0, 4.0, 4.0, 4.0]",4.0,12.0,6.0,0.0,,"[{'sum': 12.0, 'mean': 6.0, 'min': 6.0, 'max': 6.0, 'gini': 0.0}, {'sum': 12.0, 'mean': 6.0, 'min': 6.0, 'max': 6.0, 'gini': 0.0}, {'sum': 12.0, 'mean': 6.0, 'min': 6.0, 'max': 6.0, 'gini': 0.0}, {'sum': 12.0, 'mean': 6.0, 'min': 6.0, 'max': 6.0, 'gini': 0.0}, {'sum': 12.0, 'mean': 6.0, 'min': 6.0, 'max': 6.0, 'gini': 0.0}, {'sum': 12.0, 'mean': 6.0, 'min': 6.0, 'max': 6.0, 'gini': 0.0}, {'sum': 12.0, 'mean': 6.0, 'min': 6.0, 'max': 6.0, 'gini': 0.0}, {'sum': 12.0, 'mean': 6.0, 'min': 6.0, 'max': 6.0, 'gini': 0.0}, {'sum': 12.0, 'mean': 6.0, 'min': 6.0, 'max': 6.0, 'gini': 0.0}, {'sum': 12.0, 'mean': 6.0, 'min': 6.0, 'max': 6.0, 'gini': 0.0}]"
game_13,en,True,10,10,False,False,1,agent1,baseline:TitForTat,neutral,0.0,tit_for_tat,"['OptionA', 'OptionA', 'OptionA', 'OptionA', 'OptionA', 'OptionA', 'OptionA', 'OptionA', 'OptionA', 'OptionA']","[6.0, 6.0, 6.0, 6.0, 6.0, 6.0, 6.0, 6.0, 6.0, 6.0]",[],"[4.0, 4.0, 4.0, 4.0, 4.0, 4.0, 4.0, 4.0, 4.0, 4.0]",4.0,agent2,baseline:AlwaysCooperate,neutral,0.0,always_cooperate,"['OptionA', 'OptionA', 'OptionA', 'OptionA', 'OptionA', 'OptionA', 'OptionA', 'OptionA', 'OptionA', 'OptionA']","[6.0, 6.0, 6.0, 6.0, 6.0, 6.0, 6.0, 6.0, 6.0, 6.0]",[],"[4.0, 4.0, 4.0, 4.0, 4.0, 4.0, 4.0, 4.0, 4.0, 4.0]",4.0,12.0,6.0,0.0,,"[{'sum': 12.0, 'mean': 6.0, 'min': 6.0, 'max': 6.0, 'gini': 0.0}, {'sum': 12.0, 'mean': 6.0, 'min': 6.0, 'max': 6.0, 'gini': 0.0}, {'sum': 12.0, 'mean': 6.0, 'min': 6.0, 'max': 6.0, 'gini': 0.0}, {'sum': 12.0, 'mean': 6.0, 'min': 6.0, 'max': 6.0, 'gini': 0.0}, {'sum': 12.0, 'mean': 6.0, 'min': 6.0, 'max': 6.0, 'gini': 0.0}, {'sum': 12.0, 'mean': 6.0, 'min': 6.0, 'max': 6.0, 'gini': 0.0}, {'sum': 12.0, 'mean': 6.0, 'min': 6.0, 'max': 6.0, 'gini': 0.0}, {'sum': 12.0, 'mean': 6.0, 'min': 6.0, 'max': 6.0, 'gini': 0.0}, {'sum': 12.0, 'mean': 6.0, 'min': 6.0, 'max': 6.0, 'gini': 0.0}, {'sum': 12.0, 'mean': 6.0, 'min': 6.0, 'max': 6.0, 'gini': 0.0}]"
game_14,en,True,10,10,False,False,1,agent1,baseline:TitForTat,neutral,0.0,tit_for_tat,"['OptionA', 'OptionA', 'OptionA', 'OptionA', 'OptionA', 'OptionA', 'OptionA', 'OptionA', 'OptionA', 'OptionA']","[6.0, 6.0, 6.0, 6.0, 6.0, 6.0, 6.0, 6.0, 6.0, 6.0]",[],"[4.0, 4.0, 4.0, 4.0, 4.0, 4.0, 4.0, 4.0, 4.0, 4.0]",4.0,agent2,baseline:AlwaysCooperate,neutral,0.0,always_cooperate,"['OptionA', 'OptionA', 'OptionA', 'OptionA', 'OptionA', 'OptionA', 'OptionA', 'OptionA', 'OptionA', 'OptionA']","[6.0, 6.0, 6.0, 6.0, 6.0, 6.0, 6.0, 6.0, 6.0, 6.0]",[],"[4.0, 4.0, 4.0, 4.0, 4.0, 4.0, 4.0, 4.0, 4.0, 4.0]",4.0,12.0,6.0,0.0,,"[{'sum': 12.0, 'mean': 6.0, 'min': 6.0, 'max': 6.0, 'gini': 0.0}, {'sum': 12.0, 'mean': 6.0, 'min': 6.0, 'max': 6.0, 'gini': 0.0}, {'sum': 12.0, 'mean': 6.0, 'min': 6.0, 'max': 6.0, 'gini': 0.0}, {'sum': 12.0, 'mean': 6.0, 'min': 6.0, 'max': 6.0, 'gini': 0.0}, {'sum': 12.0, 'mean': 6.0, 'min': 6.0, 'max': 6.0, 'gini': 0.0}, {'sum': 12.0, 'mean': 6.0, 'min': 6.0, 'max': 6.0, 'gini': 0.0}, {'sum': 12.0, 'mean': 6.0, 'min': 6.0, 'max': 6.0, 'gini': 0.0}, {'sum': 12.0, 'mean': 6.0, 'min': 6.0, 'max': 6.0, 'gini': 0.0}, {'sum': 12.0, 'mean': 6.0, 'min': 6.0, 'max': 6.0, 'gini': 0.0}, {'sum': 12.0, 'mean': 6.0, 'min': 6.0, 'max': 6.0, 'gini': 0.0}]"
game_15,en,True,10,10,False,False,1,agent1,baseline:TitForTat,neutral,0.0,tit_for_tat,"['OptionA', 'OptionA', 'OptionA', 'OptionA', 'OptionA', 'OptionA', 'OptionA', 'OptionA', 'OptionA', 'OptionA']","[6.0, 6.0, 6.0, 6.0, 6.0, 6.0, 6.0, 6.0, 6.0, 6.0]",[],"[4.0, 4.0, 4.0, 4.0, 4.0, 4.0, 4.0, 4.0, 4.0, 4.0]",4.0,agent2,baseline:AlwaysCooperate,neutral,0.0,always_cooperate,"['OptionA', 'OptionA', 'OptionA', 'OptionA', 'OptionA', 'OptionA', 'OptionA', 'OptionA', 'OptionA', 'OptionA']","[6.0, 6.0, 6.0, 6.0, 6.0, 6.0, 6.0, 6.0, 6.0, 6.0]",[],"[4.0, 4.0, 4.0, 4.0, 4.0, 4.0, 4.0, 4.0, 4.0, 4.0]",4.0,12.0,6.0,0.0,,"[{'sum': 12.0, 'mean': 6.0, 'min': 6.0, 'max': 6.0, 'gini': 0.0}, {'sum': 12.0, 'mean': 6.0, 'min': 6.0, 'max': 6.0, 'gini': 0.0}, {'sum': 12.0, 'mean': 6.0, 'min': 6.0, 'max': 6.0, 'gini': 0.0}, {'sum': 12.0, 'mean': 6.0, 'min': 6.0, 'max': 6.0, 'gini': 0.0}, {'sum': 12.0, 'mean': 6.0, 'min': 6.0, 'max': 6.0, 'gini': 0.0}, {'sum': 12.0, 'mean': 6.0, 'min': 6.0, 'max': 6.0, 'gini': 0.0}, {'sum': 12.0, 'mean': 6.0, 'min': 6.0, 'max': 6.0, 'gini': 0.0}, {'sum': 12.0, 'mean': 6.0, 'min': 6.0, 'max': 6.0, 'gini': 0.0}, {'sum': 12.0, 'mean': 6.0, 'min': 6.0, 'max': 6.0, 'gini': 0.0}, {'sum': 12.0, 'mean': 6.0, 'min': 6.0, 'max': 6.0, 'gini': 0.0}]"
game_16,en,True,10,2,False,False,1,agent1,baseline:TitForTat,neutral,0.0,tit_for_tat,"['OptionA', 'OptionB']","[0.0, 2.0]",[],"[2.0, 0.0]",1.0,agent3,baseline:AlwaysDefect,neutral,0.0,always_defect,"['OptionB', 'OptionB']","[10.0, 2.0]",[],"[0.0, 0.0]",0.0,7.0,1.0,0.25,,"[{'sum': 10.0, 'mean': 5.0, 'min': 0.0, 'max': 10.0, 'gini': 0.5}, {'sum': 4.0, 'mean': 2.0, 'min': 2.0, 'max': 2.0, 'gini': 0.0}]"
game_17,en,True,10,2,False,False,1,agent1,baseline:TitForTat,neutral,0.0,tit_for_tat,"['OptionA', 'OptionB']","[0.0, 2.0]",[],"[2.0, 0.0]",1.0,agent3,baseline:AlwaysDefect,neutral,0.0,always_defect,"['OptionB', 'OptionB']","[10.0, 2.0]",[],"[0.0, 0.0]",0.0,7.0,1.0,0.25,,"[{'sum': 10.0, 'mean': 5.0, 'min': 0.0, 'max': 10.0, 'gini': 0.5}, {'sum': 4.0, 'mean': 2.0, 'min': 2.0, 'max': 2.0, 'gini': 0.0}]"
game_18,en,True,10,2,False,False,1,agent1,baseline:TitForTat,neutral,0.0,tit_for_tat,"['OptionA', 'OptionB']","[0.0, 2.0]",[],"[2.0, 0.0]",1.0,agent3,baseline:AlwaysDefect,neutral,0.0,always_defect,"['OptionB', 'OptionB']","[10.0, 2.0]",[],"[0.0, 0.0]",0.0,7.0,1.0,0.25,,"[{'sum': 10.0, 'mean': 5.0, 'min': 0.0, 'max': 10.0, 'gini': 0.5}, {'sum': 4.0, 'mean': 2.0, 'min': 2.0, 'max': 2.0, 'gini': 0.0}]"
game_19,en,True,10,2,False,False,1,agent1,baseline:TitForTat,neutral,0.0,tit_for_tat,"['OptionA', 'OptionB']","[0.0, 2.0]",[],"[2.0, 0.0]",1.0,agent3,baseline:AlwaysDefect,neutral,0.0,always_defect,"['OptionB', 'OptionB']","[10.0, 2.0]",[],"[0.0, 0.0]",0.0,7.0,1.0,0.25,,"[{'sum': 10.0, 'mean': 5.0, 'min': 0.0, 'max': 10.0, 'gini': 0.5}, {'sum': 4.0, 'mean': 2.0, 'min': 2.0, 'max': 2.0, 'gini': 0.0}]"
game_20,en,True,10,2,False,False,1,agent1,baseline:TitForTat,neutral,0.0,tit_for_tat,"['OptionA', 'OptionB']","[0.0, 2.0]",[],"[2.0, 0.0]",1.0,agent3,baseline:AlwaysDefect,neutral,0.0,always_defect,"['OptionB', 'OptionB']","[10.0, 2.0]",[],"[0.0, 0.0]",0.0,7.0,1.0,0.25,,"[{'sum': 10.0, 'mean': 5.0, 'min': 0.0, 'max': 10.0, 'gini': 0.5}, {'sum': 4.0, 'mean': 2.0, 'min': 2.0, 'max': 2.0, 'gini': 0.0}]"
game_21,en,True,10,2,False,False,1,agent1,baseline:TitForTat,neutral,0.0,tit_for_tat,"['OptionA', 'OptionB']","[0.0, 2.0]",[],"[2.0, 0.0]",1.0,agent3,baseline:AlwaysDefect,neutral,0.0,always_defect,"['OptionB', 'OptionB']","[10.0, 2.0]",[],"[0.0, 0.0]",0.0,7.0,1.0,0.25,,"[{'sum': 10.0, 'mean': 5.0, 'min': 0.0, 'max': 10.0, 'gini': 0.5}, {'sum': 4.0, 'mean': 2.0, 'min': 2.0, 'max': 2.0, 'gini': 0.0}]"
game_22,en,True,10,2,False,False,1,agent1,baseline:TitForTat,neutral,0.0,tit_for_tat,"['OptionA', 'OptionB']","[0.0, 2.0]",[],"[2.0, 0.0]",1.0,agent3,baseline:AlwaysDefect,neutral,0.0,always_defect,"['OptionB', 'OptionB']","[10.0, 2.0]",[],"[0.0, 0.0]",0.0,7.0,1.0,0.25,,"[{'sum': 10.0, 'mean': 5.0, 'min': 0.0, 'max': 10.0, 'gini': 0.5}, {'sum': 4.0, 'mean': 2.0, 'min': 2.0, 'max': 2.0, 'gini': 0.0}]"
game_23,en,True,10,2,False,False,1,agent1,baseline:TitForTat,neutral,0.0,tit_for_tat,"['OptionA', 'OptionB']","[0.0, 2.0]",[],"[2.0, 0.0]",1.0,agent3,baseline:AlwaysDefect,neutral,0.0,always_defect,"['OptionB', 'OptionB']","[10.0, 2.0]",[],"[0.0, 0.0]",0.0,7.0,1.0,0.25,,"[{'sum': 10.0, 'mean': 5.0, 'min': 0.0, 'max': 10.0, 'gini': 0.5}, {'sum': 4.0, 'mean': 2.0, 'min': 2.0, 'max': 2.0, 'gini': 0.0}]"
game_24,en,True,10,2,False,False,1,agent1,baseline:TitForTat,neutral,0.0,tit_for_tat,"['OptionA', 'OptionB']","[0.0, 2.0]",[],"[2.0, 0.0]",1.0,agent3,baseline:AlwaysDefect,neutral,0.0,always_defect,"['OptionB', 'OptionB']","[10.0, 2.0]",[],"[0.0, 0.0]",0.0,7.0,1.0,0.25,,"[{'sum': 10.0, 'mean': 5.0, 'min': 0.0, 'max': 10.0, 'gini': 0.5}, {'sum': 4.0, 'mean': 2.0, 'min': 2.0, 'max': 2.0, 'gini': 0.0}]"
game_25,en,True,10,2,False,False,1,agent1,baseline:TitForTat,neutral,0.0,tit_for_tat,"['OptionA', 'OptionB']","[0.0, 2.0]",[],"[2.0, 0.0]",1.0,agent3,baseline:AlwaysDefect,neutral,0.0,always_defect,"['OptionB', 'OptionB']","[10.0, 2.0]",[],"[0.0, 0.0]",0.0,7.0,1.0,0.25,,"[{'sum': 10.0, 'mean': 5.0, 'min': 0.0, 'max': 10.0, 'gini': 0.5}, {'sum': 4.0, 'mean': 2.0, 'min': 2.0, 'max': 2.0, 'gini': 0.0}]"
game_26,en,True,10,2,False,False,1,agent1,baseline:TitForTat,neutral,0.0,tit_for_tat,"['OptionA', 'OptionB']","[0.0, 2.0]",[],"[2.0, 0.0]",1.0,agent3,baseline:AlwaysDefect,neutral,0.0,always_defect,"['OptionB', 'OptionB']","[10.0, 2.0]",[],"[0.0, 0.0]",0.0,7.0,1.0,0.25,,"[{'sum': 10.0, 'mean': 5.0, 'min': 0.0, 'max': 10.0, 'gini': 0.5}, {'sum': 4.0, 'mean': 2.0, 'min': 2.0, 'max': 2.0, 'gini': 0.0}]"
game_27,en,True,10,2,False,False,1,agent1,baseline:TitForTat,neutral,0.0,tit_for_tat,"['OptionA', 'OptionB']","[0.0, 2.0]",[],"[2.0, 0.0]",1.0,agent3,baseline:AlwaysDefect,neutral,0.0,always_defect,"['OptionB', 'OptionB']","[10.0, 2.0]",[],"[0.0, 0.0]",0.0,7.0,1.0,0.25,,"[{'sum': 10.0, 'mean': 5.0, 'min': 0.0, 'max': 10.0, 'gini': 0.5}, {'sum': 4.0, 'mean': 2.0, 'min': 2.0, 'max': 2.0, 'gini': 0.0}]"
game_28,en,True,10,2,False,False,1,agent1,baseline:TitForTat,neutral,0.0,tit_for_tat,"['OptionA', 'OptionB']","[0.0, 2.0]",[],"[2.0, 0.0]",1.0,agent3,baseline:AlwaysDefect,neutral,0.0,always_defect,"['OptionB', 'OptionB']","[10.0, 2.0]",[],"[0.0, 0.0]",0.0,7.0,1.0,0.25,,"[{'sum': 10.0, 'mean': 5.0, 'min': 0.0, 'max': 10.0, 'gini': 0.5}, {'sum': 4.0, 'mean': 2.0, 'min': 2.0, 'max': 2.0, 'gini': 0.0}]"
game_29,en,True,10,2,False,False,1,agent1,baseline:TitForTat,neutral,0.0,tit_for_tat,"['OptionA', 'OptionB']","[0.0, 2.0]",[],"[2.0, 0.0]",1.0,agent3,baseline:AlwaysDefect,neutral,0.0,always_defect,"['OptionB', 'OptionB']","[10.0, 2.0]",[],"[0.0, 0.0]",0.0,7.0,1.0,0.25,,"[{'sum': 10.0, 'mean': 5.0, 'min': 0.0, 'max': 10.0, 'gini': 0.5}, {'sum': 4.0, 'mean': 2.0, 'min': 2.0, 'max': 2.0, 'gini': 0.0}]"
game_30,en,True,10,2,False,False,1,agent1,baseline:TitForTat,neutral,0.0,tit_for_tat,"['OptionA', 'OptionB']","[0.0, 2.0]",[],"[2.0, 0.0]",1.0,agent3,baseline:AlwaysDefect,neutral,0.0,always_defect,"['OptionB', 'OptionB']","[10.0, 2.0]",[],"[0.0, 0.0]",0.0,7.0,1.0,0.25,,"[{'sum': 10.0, 'mean': 5.0, 'min': 0.0, 'max': 10.0, 'gini': 0.5}, {'sum': 4.0, 'mean': 2.0, 'min': 2.0, 'max': 2.0, 'gini': 0.0}]"
game_31,en,True,10,2,False,False,1,agent1,baseline:TitForTat,neutral,0.0,tit_for_tat,"['OptionA', 'OptionB']","[0.0, 2.0]",[],"[2.0, 0.0]",1.0,agent3,baseline:AlwaysDefect,neutral,0.0,always_defect,"['OptionB', 'OptionB']","[10.0, 2.0]",[],"[0.0, 0.0]",0.0,7.0,1.0,0.25,,"[{'sum': 10.0, 'mean': 5.0, 'min': 0.0, 'max': 10.0, 'gini': 0.5}, {'sum': 4.0, 'mean': 2.0, 'min': 2.0, 'max': 2.0, 'gini': 0.0}]"
game_32,en,True,10,10,False,False,1,agent1,baseline:TitForTat,neutral,0.0,tit_for_tat,"['OptionA', 'OptionA', 'OptionA', 'OptionA', 'OptionA', 'OptionA', 'OptionA', 'OptionA', 'OptionA', 'OptionA']","[6.0, 6.0, 6.0, 6.0, 6.0, 6.0, 6.0, 6.0, 6.0, 6.0]",[],"[4.0, 4.0, 4.0, 4.0, 4.0, 4.0, 4.0, 4.0, 4.0, 4.0]",4.0,agent4,baseline:GrimTrigger,neutral,0.0,grim_trigger,"['OptionA', 'OptionA', 'OptionA', 'OptionA', 'OptionA', 'OptionA', 'OptionA', 'OptionA', 'OptionA', 'OptionA']","[6.0, 6.0, 6.0, 6.0, 6.0, 6.0, 6.0, 6.0, 6.0, 6.0]",[],"[4.0, 4.0, 4.0, 4.0, 4.0, 4.0, 4.0, 4.0, 4.0, 4.0]",4.0,12.0,6.0,0.0,,"[{'sum': 12.0, 'mean': 6.0, 'min': 6.0, 'max': 6.0, 'gini': 0.0}, {'sum': 12.0, 'mean': 6.0, 'min': 6.0, 'max': 6.0, 'gini': 0.0}, {'sum': 12.0, 'mean': 6.0, 'min': 6.0, 'max': 6.0, 'gini': 0.0}, {'sum': 12.0, 'mean': 6.0, 'min': 6.0, 'max': 6.0, 'gini': 0.0}, {'sum': 12.0, 'mean': 6.0, 'min': 6.0, 'max': 6.0, 'gini': 0.0}, {'sum': 12.0, 'mean': 6.0, 'min': 6.0, 'max': 6.0, 'gini': 0.0}, {'sum': 12.0, 'mean': 6.0, 'min': 6.0, 'max': 6.0, 'gini': 0.0}, {'sum': 12.0, 'mean': 6.0, 'min': 6.0, 'max': 6.0, 'gini': 0.0}, {'sum': 12.0, 'mean': 6.0, 'min': 6.0, 'max': 6.0, 'gini': 0.0}, {'sum': 12.0, 'mean': 6.0, 'min': 6.0, 'max': 6.0, 'gini': 0.0}]"
game_33,en,True,10,10,False,False,1,agent1,baseline:TitForTat,neutral,0.0,tit_for_tat,"['OptionA', 'OptionA', 'OptionA', 'OptionA', 'OptionA', 'OptionA', 'OptionA', 'OptionA', 'OptionA', 'OptionA']","[6.0, 6.0, 6.0, 6.0, 6.0, 6.0, 6.0, 6.0, 6.0, 6.0]",[],"[4.0, 4.0, 4.0, 4.0, 4.0, 4.0, 4.0, 4.0, 4.0, 4.0]",4.0,agent4,baseline:GrimTrigger,neutral,0.0,grim_trigger,"['OptionA', 'OptionA', 'OptionA', 'OptionA', 'OptionA', 'OptionA', 'OptionA', 'OptionA', 'OptionA', 'OptionA']","[6.0, 6.0, 6.0, 6.0, 6.0, 6.0, 6.0, 6.0, 6.0, 6.0]",[],"[4.0, 4.0, 4.0, 4.0, 4.0, 4.0, 4.0, 4.0, 4.0, 4.0]",4.0,12.0,6.0,0.0,,"[{'sum': 12.0, 'mean': 6.0, 'min': 6.0, 'max': 6.0, 'gini': 0.0}, {'sum': 12.0, 'mean': 6.0, 'min': 6.0, 'max': 6.0, 'gini': 0.0}, {'sum': 12.0, 'mean': 6.0, 'min': 6.0, 'max': 6.0, 'gini': 0.0}, {'sum': 12.0, 'mean': 6.0, 'min': 6.0, 'max': 6.0, 'gini': 0.0}, {'sum': 12.0, 'mean': 6.0, 'min': 6.0, 'max': 6.0, 'gini': 0.0}, {'sum': 12.0, 'mean': 6.0, 'min': 6.0, 'max': 6.0, 'gini': 0.0}, {'sum': 12.0, 'mean': 6.0, 'min': 6.0, 'max': 6.0, 'gini': 0.0}, {'sum': 12.0, 'mean': 6.0, 'min': 6.0, 'max': 6.0, 'gini': 0.0}, {'sum': 12.0, 'mean': 6.0, 'min': 6.0, 'max': 6.0, 'gini': 0.0}, {'sum': 12.0, 'mean': 6.0, 'min': 6.0, 'max': 6.0, 'gini': 0.0}]"
game_34,en,True,10,10,False,False,1,agent1,baseline:TitForTat,neutral,0.0,tit_for_tat,"['OptionA', 'OptionA', 'OptionA', 'OptionA', 'OptionA', 'OptionA', 'OptionA', 'OptionA', 'OptionA', 'OptionA']","[6.0, 6.0, 6.0, 6.0, 6.0, 6.0, 6.0, 6.0, 6.0, 6.0]",[],"[4.0, 4.0, 4.0, 4.0, 4.0, 4.0, 4.0, 4.0, 4.0, 4.0]",4.0,agent4,baseline:GrimTrigger,neutral,0.0,grim_trigger,"['OptionA', 'OptionA', 'OptionA', 'OptionA', 'OptionA', 'OptionA', 'OptionA', 'OptionA', 'OptionA', 'OptionA']","[6.0, 6.0, 6.0, 6.0, 6.0, 6.0, 6.0, 6.0, 6.0, 6.0]",[],"[4.0, 4.0, 4.0, 4.0, 4.0, 4.0, 4.0, 4.0, 4.0, 4.0]",4.0,12.0,6.0,0.0,,"[{'sum': 12.0, 'mean': 6.0, 'min': 6.0, 'max': 6.0, 'gini': 0.0}, {'sum': 12.0, 'mean': 6.0, 'min': 6.0, 'max': 6.0, 'gini': 0.0}, {'sum': 12.0, 'mean': 6.0, 'min': 6.0, 'max': 6.0, 'gini': 0.0}, {'sum': 12.0, 'mean': 6.0, 'min': 6.0, 'max': 6.0, 'gini': 0.0}, {'sum': 12.0, 'mean': 6.0, 'min': 6.0, 'max': 6.0, 'gini': 0.0}, {'sum': 12.0, 'mean': 6.0, 'min': 6.0, 'max': 6.0, 'gini': 0.0}, {'sum': 12.0, 'mean': 6.0, 'min': 6.0, 'max': 6.0, 'gini': 0.0}, {'sum': 12.0, 'mean': 6.0, 'min': 6.0, 'max': 6.0, 'gini': 0.0}, {'sum': 12.0, 'mean': 6.0, 'min': 6.0, 'max': 6.0, 'gini': 0.0}, {'sum': 12.0, 'mean': 6.0, 'min': 6.0, 'max': 6.0, 'gini': 0.0}]"
game_35,en,True,10,10,False,False,1,agent1,baseline:TitForTat,neutral,0.0,tit_for_tat,"['OptionA', 'OptionA', 'OptionA', 'OptionA', 'OptionA', 'OptionA', 'OptionA', 'OptionA', 'OptionA', 'OptionA']","[6.0, 6.0, 6.0, 6.0, 6.0, 6.0, 6.0, 6.0, 6.0, 6.0]",[],"[4.0, 4.0, 4.0, 4.0, 4.0, 4.0, 4.0, 4.0, 4.0, 4.0]",4.0,agent4,baseline:GrimTrigger,neutral,0.0,grim_trigger,"['OptionA', 'OptionA', 'OptionA', 'OptionA', 'OptionA', 'OptionA', 'OptionA', 'OptionA', 'OptionA', 'OptionA']","[6.0, 6.0, 6.0, 6.0, 6.0, 6.0, 6.0, 6.0, 6.0, 6.0]",[],"[4.0, 4.0, 4.0, 4.0, 4.0, 4.0, 4.0, 4.0, 4.0, 4.0]",4.0,12.0,6.0,0.0,,"[{'sum': 12.0, 'mean': 6.0, 'min': 6.0, 'max': 6.0, 'gini': 0.0}, {'sum': 12.0, 'mean': 6.0, 'min': 6.0, 'max': 6.0, 'gini': 0.0}, {'sum': 12.0, 'mean': 6.0, 'min': 6.0, 'max': 6.0, 'gini': 0.0}, {'sum': 12.0, 'mean': 6.0, 'min': 6.0, 'max': 6.0, 'gini': 0.0}, {'sum': 12.0, 'mean': 6.0, 'min': 6.0, 'max': 6.0, 'gini': 0.0}, {'sum': 12.0, 'mean': 6.0, 'min': 6.0, 'max': 6.0, 'gini': 0.0}, {'sum': 12.0, 'mean': 6.0, 'min': 6.0, 'max': 6.0, 'gini': 0.0}, {'sum': 12.0, 'mean': 6.0, 'min': 6.0, 'max': 6.0, 'gini': 0.0}, {'sum': 12.0, 'mean': 6.0, 'min': 6.0, 'max': 6.0, 'gini': 0.0}, {'sum': 12.0, 'mean': 6.0, 'min': 6.0, 'max': 6.0, 'gini': 0.0}]"
game_36,en,True,10,10,False,False,1,agent1,baseline:TitForTat,neutral,0.0,tit_for_tat,"['OptionA', 'OptionA', 'OptionA', 'OptionA', 'OptionA', 'OptionA', 'OptionA', 'OptionA', 'OptionA', 'OptionA']","[6.0, 6.0, 6.0, 6.0, 6.0, 6.0, 6.0, 6.0, 6.0, 6.0]",[],"[4.0, 4.0, 4.0, 4.0, 4.0, 4.0, 4.0, 4.0, 4.0, 4.0]",4.0,agent4,baseline:GrimTrigger,neutral,0.0,grim_trigger,"['OptionA', 'OptionA', 'OptionA', 'OptionA', 'OptionA', 'OptionA', 'OptionA', 'OptionA', 'OptionA', 'OptionA']","[6.0, 6.0, 6.0, 6.0, 6.0, 6.0, 6.0, 6.0, 6.0, 6.0]",[],"[4.0, 4.0, 4.0, 4.0, 4.0, 4.0, 4.0, 4.0, 4.0, 4.0]",4.0,12.0,6.0,0.0,,"[{'sum': 12.0, 'mean': 6.0, 'min': 6.0, 'max': 6.0, 'gini': 0.0}, {'sum': 12.0, 'mean': 6.0, 'min': 6.0, 'max': 6.0, 'gini': 0.0}, {'sum': 12.0, 'mean': 6.0, 'min': 6.0, 'max': 6.0, 'gini': 0.0}, {'sum': 12.0, 'mean': 6.0, 'min': 6.0, 'max': 6.0, 'gini': 0.0}, {'sum': 12.0, 'mean': 6.0, 'min': 6.0, 'max': 6.0, 'gini': 0.0}, {'sum': 12.0, 'mean': 6.0, 'min': 6.0, 'max': 6.0, 'gini': 0.0}, {'sum': 12.0, 'mean': 6.0, 'min': 6.0, 'max': 6.0, 'gini': 0.0}, {'sum': 12.0, 'mean': 6.0, 'min': 6.0, 'max': 6.0, 'gini': 0.0}, {'sum': 12.0, 'mean': 6.0, 'min': 6.0, 'max': 6.0, 'gini': 0.0}, {'sum': 12.0, 'mean': 6.0, 'min': 6.0, 'max': 6.0, 'gini': 0.0}]"
game_37,en,True,10,10,False,False,1,agent1,baseline:TitForTat,neutral,0.0,tit_for_tat,"['OptionA', 'OptionA', 'OptionA', 'OptionA', 'OptionA', 'OptionA', 'OptionA', 'OptionA', 'OptionA', 'OptionA']","[6.0, 6.0, 6.0, 6.0, 6.0, 6.0, 6.0, 6.0, 6.0, 6.0]",[],"[4.0, 4.0, 4.0, 4.0, 4.0, 4.0, 4.0, 4.0, 4.0, 4.0]",4.0,agent4,baseline:GrimTrigger,neutral,0.0,grim_trigger,"['OptionA', 'OptionA', 'OptionA', 'OptionA', 'OptionA', 'OptionA', 'OptionA', 'OptionA', 'OptionA', 'OptionA']","[6.0, 6.0, 6.0, 6.0, 6.0, 6.0, 6.0, 6.0, 6.0, 6.0]",[],"[4.0, 4.0, 4.0, 4.0, 4.0, 4.0, 4.0, 4.0, 4.0, 4.0]",4.0,12.0,6.0,0.0,,"[{'sum': 12.0, 'mean': 6.0, 'min': 6.0, 'max': 6.0, 'gini': 0.0}, {'sum': 12.0, 'mean': 6.0, 'min': 6.0, 'max': 6.0, 'gini': 0.0}, {'sum': 12.0, 'mean': 6.0, 'min': 6.0, 'max': 6.0, 'gini': 0.0}, {'sum': 12.0, 'mean': 6.0, 'min': 6.0, 'max': 6.0, 'gini': 0.0}, {'sum': 12.0, 'mean': 6.0, 'min': 6.0, 'max': 6.0, 'gini': 0.0}, {'sum': 12.0, 'mean': 6.0, 'min': 6.0, 'max': 6.0, 'gini': 0.0}, {'sum': 12.0, 'mean': 6.0, 'min': 6.0, 'max': 6.0, 'gini': 0.0}, {'sum': 12.0, 'mean': 6.0, 'min': 6.0, 'max': 6.0, 'gini': 0.0}, {'sum': 12.0, 'mean': 6.0, 'min': 6.0, 'max': 6.0, 'gini': 0.0}, {'sum': 12.0, 'mean': 6.0, 'min': 6.0, 'max': 6.0, 'gini': 0.0}]"
game_38,en,True,10,10,False,False,1,agent1,baseline:TitForTat,neutral,0.0,tit_for_tat,"['OptionA', 'OptionA', 'OptionA', 'OptionA', 'OptionA', 'OptionA', 'OptionA', 'OptionA', 'OptionA', 'OptionA']","[6.0, 6.0, 6.0, 6.0, 6.0, 6.0, 6.0, 6.0, 6.0, 6.0]",[],"[4.0, 4.0, 4.0, 4.0, 4.0, 4.0, 4.0, 4.0, 4.0, 4.0]",4.0,agent4,baseline:GrimTrigger,neutral,0.0,grim_trigger,"['OptionA', 'OptionA', 'OptionA', 'OptionA', 'OptionA', 'OptionA', 'OptionA', 'OptionA', 'OptionA', 'OptionA']","[6.0, 6.0, 6.0, 6.0, 6.0, 6.0, 6.0, 6.0, 6.0, 6.0]",[],"[4.0, 4.0, 4.0, 4.0, 4.0, 4.0, 4.0, 4.0, 4.0, 4.0]",4.0,12.0,6.0,0.0,,"[{'sum': 12.0, 'mean': 6.0, 'min': 6.0, 'max': 6.0, 'gini': 0.0}, {'sum': 12.0, 'mean': 6.0, 'min': 6.0, 'max': 6.0, 'gini': 0.0}, {'sum': 12.0, 'mean': 6.0, 'min': 6.0, 'max': 6.0, 'gini': 0.0}, {'sum': 12.0, 'mean': 6.0, 'min': 6.0, 'max': 6.0, 'gini': 0.0}, {'sum': 12.0, 'mean': 6.0, 'min': 6.0, 'max': 6.0, 'gini': 0.0}, {'sum': 12.0, 'mean': 6.0, 'min': 6.0, 'max': 6.0, 'gini': 0.0}, {'sum': 12.0, 'mean': 6.0, 'min': 6.0, 'max': 6.0, 'gini': 0.0}, {'sum': 12.0, 'mean': 6.0, 'min': 6.0, 'max': 6.0, 'gini': 0.0}, {'sum': 12.0, 'mean': 6.0, 'min': 6.0, 'max': 6.0, 'gini': 0.0}, {'sum': 12.0, 'mean': 6.0, 'min': 6.0, 'max': 6.0, 'gini': 0.0}]"
game_39,en,True,10,10,False,False,1,agent1,baseline:TitForTat,neutral,0.0,tit_for_tat,"['OptionA', 'OptionA', 'OptionA', 'OptionA', 'OptionA', 'OptionA', 'OptionA', 'OptionA', 'OptionA', 'OptionA']","[6.0, 6.0, 6.0, 6.0, 6.0, 6.0, 6.0, 6.0, 6.0, 6.0]",[],"[4.0, 4.0, 4.0, 4.0, 4.0, 4.0, 4.0, 4.0, 4.0, 4.0]",4.0,agent4,baseline:GrimTrigger,neutral,0.0,grim_trigger,"['OptionA', 'OptionA', 'OptionA', 'OptionA', 'OptionA', 'OptionA', 'OptionA', 'OptionA', 'OptionA', 'OptionA']","[6.0, 6.0, 6.0, 6.0, 6.0, 6.0, 6.0, 6.0, 6.0, 6.0]",[],"[4.0, 4.0, 4.0, 4.0, 4.0, 4.0, 4.0, 4.0, 4.0, 4.0]",4.0,12.0,6.0,0.0,,"[{'sum': 12.0, 'mean': 6.0, 'min': 6.0, 'max': 6.0, 'gini': 0.0}, {'sum': 12.0, 'mean': 6.0, 'min': 6.0, 'max': 6.0, 'gini': 0.0}, {'sum': 12.0, 'mean': 6.0, 'min': 6.0, 'max': 6.0, 'gini': 0.0}, {'sum': 12.0, 'mean': 6.0, 'min': 6.0, 'max': 6.0, 'gini': 0.0}, {'sum': 12.0, 'mean': 6.0, 'min': 6.0, 'max': 6.0, 'gini': 0.0}, {'sum': 12.0, 'mean': 6.0, 'min': 6.0, 'max': 6.0, 'gini': 0.0}, {'sum': 12.0, 'mean': 6.0, 'min': 6.0, 'max': 6.0, 'gini': 0.0}, {'sum': 12.0, 'mean': 6.0, 'min': 6.0, 'max': 6.0, 'gini': 0.0}, {'sum': 12.0, 'mean': 6.0, 'min': 6.0, 'max': 6.0, 'gini': 0.0}, {'sum': 12.0, 'mean': 6.0, 'min': 6.0, 'max': 6.0, 'gini': 0.0}]"
game_40,en,True,10,10,False,False,1,agent1,baseline:TitForTat,neutral,0.0,tit_for_tat,"['OptionA', 'OptionA', 'OptionA', 'OptionA', 'OptionA', 'OptionA', 'OptionA', 'OptionA', 'OptionA', 'OptionA']","[6.0, 6.0, 6.0, 6.0, 6.0, 6.0, 6.0, 6.0, 6.0, 6.0]",[],"[4.0, 4.0, 4.0, 4.0, 4.0, 4.0, 4.0, 4.0, 4.0, 4.0]",4.0,agent4,baseline:GrimTrigger,neutral,0.0,grim_trigger,"['OptionA', 'OptionA', 'OptionA', 'OptionA', 'OptionA', 'OptionA', 'OptionA', 'OptionA', 'OptionA', 'OptionA']","[6.0, 6.0, 6.0, 6.0, 6.0, 6.0, 6.0, 6.0, 6.0, 6.0]",[],"[4.0, 4.0, 4.0, 4.0, 4.0, 4.0, 4.0, 4.0, 4.0, 4.0]",4.0,12.0,6.0,0.0,,"[{'sum': 12.0, 'mean': 6.0, 'min': 6.0, 'max': 6.0, 'gini': 0.0}, {'sum': 12.0, 'mean': 6.0, 'min': 6.0, 'max': 6.0, 'gini': 0.0}, {'sum': 12.0, 'mean': 6.0, 'min': 6.0, 'max': 6.0, 'gini': 0.0}, {'sum': 12.0, 'mean': 6.0, 'min': 6.0, 'max': 6.0, 'gini': 0.0}, {'sum': 12.0, 'mean': 6.0, 'min': 6.0, 'max': 6.0, 'gini': 0.0}, {'sum': 12.0, 'mean': 6.0, 'min': 6.0, 'max': 6.0, 'gini': 0.0}, {'sum': 12.0, 'mean': 6.0, 'min': 6.0, 'max': 6.0, 'gini': 0.0}, {'sum': 12.0, 'mean': 6.0, 'min': 6.0, 'max': 6.0, 'gini': 0.0}, {'sum': 12.0, 'mean': 6.0, 'min': 6.0, 'max': 6.0, 'gini': 0.0}, {'sum': 12.0, 'mean': 6.0, 'min': 6.0, 'max': 6.0, 'gini': 0.0}]"
game_41,en,True,10,10,False,False,1,agent1,baseline:TitForTat,neutral,0.0,tit_for_tat,"['OptionA', 'OptionA', 'OptionA', 'OptionA', 'OptionA', 'OptionA', 'OptionA', 'OptionA', 'OptionA', 'OptionA']","[6.0, 6.0, 6.0, 6.0, 6.0, 6.0, 6.0, 6.0, 6.0, 6.0]",[],"[4.0, 4.0, 4.0, 4.0, 4.0, 4.0, 4.0, 4.0, 4.0, 4.0]",4.0,agent4,baseline:GrimTrigger,neutral,0.0,grim_trigger,"['OptionA', 'OptionA', 'OptionA', 'OptionA', 'OptionA', 'OptionA', 'OptionA', 'OptionA', 'OptionA', 'OptionA']","[6.0, 6.0, 6.0, 6.0, 6.0, 6.0, 6.0, 6.0, 6.0, 6.0]",[],"[4.0, 4.0, 4.0, 4.0, 4.0, 4.0, 4.0, 4.0, 4.0, 4.0]",4.0,12.0,6.0,0.0,,"[{'sum': 12.0, 'mean': 6.0, 'min': 6.0, 'max': 6.0, 'gini': 0.0}, {'sum': 12.0, 'mean': 6.0, 'min': 6.0, 'max': 6.0, 'gini': 0.0}, {'sum': 12.0, 'mean': 6.0, 'min': 6.0, 'max': 6.0, 'gini': 0.0}, {'sum': 12.0, 'mean': 6.0, 'min': 6.0, 'max': 6.0, 'gini': 0.0}, {'sum': 12.0, 'mean': 6.0, 'min': 6.0, 'max': 6.0, 'gini': 0.0}, {'sum': 12.0, 'mean': 6.0, 'min': 6.0, 'max': 6.0, 'gini': 0.0}, {'sum': 12.0, 'mean': 6.0, 'min': 6.0, 'max': 6.0, 'gini': 0.0}, {'sum': 12.0, 'mean': 6.0, 'min': 6.0, 'max': 6.0, 'gini': 0.0}, {'sum': 12.0, 'mean': 6.0, 'min': 6.0, 'max': 6.0, 'gini': 0.0}, {'sum': 12.0, 'mean': 6.0, 'min': 6.0, 'max': 6.0, 'gini': 0.0}]"
game_42,en,True,10,10,False,False,1,agent1,baseline:TitForTat,neutral,0.0,tit_for_tat,"['OptionA', 'OptionA', 'OptionA', 'OptionA', 'OptionA', 'OptionA', 'OptionA', 'OptionA', 'OptionA', 'OptionA']","[6.0, 6.0, 6.0, 6.0, 6.0, 6.0, 6.0, 6.0, 6.0, 6.0]",[],"[4.0, 4.0, 4.0, 4.0, 4.0, 4.0, 4.0, 4.0, 4.0, 4.0]",4.0,agent4,baseline:GrimTrigger,neutral,0.0,grim_trigger,"['OptionA', 'OptionA', 'OptionA', 'OptionA', 'OptionA', 'OptionA', 'OptionA', 'OptionA', 'OptionA', 'OptionA']","[6.0, 6.0, 6.0, 6.0, 6.0, 6.0, 6.0, 6.0, 6.0, 6.0]",[],"[4.0, 4.0, 4.0, 4.0, 4.0, 4.0, 4.0, 4.0, 4.0, 4.0]",4.0,12.0,6.0,0.0,,"[{'sum': 12.0, 'mean': 6.0, 'min': 6.0, 'max': 6.0, 'gini': 0.0}, {'sum': 12.0, 'mean': 6.0, 'min': 6.0, 'max': 6.0, 'gini': 0.0}, {'sum': 12.0, 'mean': 6.0, 'min': 6.0, 'max': 6.0, 'gini': 0.0}, {'sum': 12.0, 'mean': 6.0, 'min': 6.0, 'max': 6.0, 'gini': 0.0}, {'sum': 12.0, 'mean': 6.0, 'min': 6.0, 'max': 6.0, 'gini': 0.0}, {'sum': 12.0, 'mean': 6.0, 'min': 6.0, 'max': 6.0, 'gini': 0.0}, {'sum': 12.0, 'mean': 6.0, 'min': 6.0, 'max': 6.0, 'gini': 0.0}, {'sum': 12.0, 'mean': 6.0, 'min': 6.0, 'max': 6.0, 'gini': 0.0}, {'sum': 12.0, 'mean': 6.0, 'min': 6.0, 'max': 6.0, 'gini': 0.0}, {'sum': 12.0, 'mean': 6.0, 'min': 6.0, 'max': 6.0, 'gini': 0.0}]"
game_43,en,True,10,10,False,False,1,agent1,baseline:TitForTat,neutral,0.0,tit_for_tat,"['OptionA', 'OptionA', 'OptionA', 'OptionA', 'OptionA', 'OptionA', 'OptionA', 'OptionA', 'OptionA', 'OptionA']","[6.0, 6.0, 6.0, 6.0, 6.0, 6.0, 6.0, 6.0, 6.0, 6.0]",[],"[4.0, 4.0, 4.0, 4.0, 4.0, 4.0, 4.0, 4.0, 4.0, 4.0]",4.0,agent4,baseline:GrimTrigger,neutral,0.0,grim_trigger,"['OptionA', 'OptionA', 'OptionA', 'OptionA', 'OptionA', 'OptionA', 'OptionA', 'OptionA', 'OptionA', 'OptionA']","[6.0, 6.0, 6.0, 6.0, 6.0, 6.0, 6.0, 6.0, 6.0, 6.0]",[],"[4.0, 4.0, 4.0, 4.0, 4.0, 4.0, 4.0, 4.0, 4.0, 4.0]",4.0,12.0,6.0,0.0,,"[{'sum': 12.0, 'mean': 6.0, 'min': 6.0, 'max': 6.0, 'gini': 0.0}, {'sum': 12.0, 'mean': 6.0, 'min': 6.0, 'max': 6.0, 'gini': 0.0}, {'sum': 12.0, 'mean': 6.0, 'min': 6.0, 'max': 6.0, 'gini': 0.0}, {'sum': 12.0, 'mean': 6.0, 'min': 6.0, 'max': 6.0, 'gini': 0.0}, {'sum': 12.0, 'mean': 6.0, 'min': 6.0, 'max': 6.0, 'gini': 0.0}, {'sum': 12.0, 'mean': 6.0, 'min': 6.0, 'max': 6.0, 'gini': 0.0}, {'sum': 12.0, 'mean': 6.0, 'min': 6.0, 'max': 6.0, 'gini': 0.0}, {'sum': 12.0, 'mean': 6.0, 'min': 6.0, 'max': 6.0, 'gini': 0.0}, {'sum': 12.0, 'mean': 6.0, 'min': 6.0, 'max': 6.0, 'gini': 0.0}, {'sum': 12.0, 'mean': 6.0, 'min': 6.0, 'max': 6.0, 'gini': 0.0}]"
game_44,en,True,10,10,False,False,1,agent1,baseline:TitForTat,neutral,0.0,tit_for_tat,"['OptionA', 'OptionA', 'OptionA', 'OptionA', 'OptionA', 'OptionA', 'OptionA', 'OptionA', 'OptionA', 'OptionA']","[6.0, 6.0, 6.0, 6.0, 6.0, 6.0, 6.0, 6.0, 6.0, 6.0]",[],"[4.0, 4.0, 4.0, 4.0, 4.0, 4.0, 4.0, 4.0, 4.0, 4.0]",4.0,agent4,baseline:GrimTrigger,neutral,0.0,grim_trigger,"['OptionA', 'OptionA', 'OptionA', 'OptionA', 'OptionA', 'OptionA', 'OptionA', 'OptionA', 'OptionA', 'OptionA']","[6.0, 6.0, 6.0, 6.0, 6.0, 6.0, 6.0, 6.0, 6.0, 6.0]",[],"[4.0, 4.0, 4.0, 4.0, 4.0, 4.0, 4.0, 4.0, 4.0, 4.0]",4.0,12.0,6.0,0.0,,"[{'sum': 12.0, 'mean': 6.0, 'min': 6.0, 'max': 6.0, 'gini': 0.0}, {'sum': 12.0, 'mean': 6.0, 'min': 6.0, 'max': 6.0, 'gini': 0.0}, {'sum': 12.0, 'mean': 6.0, 'min': 6.0, 'max': 6.0, 'gini': 0.0}, {'sum': 12.0, 'mean': 6.0, 'min': 6.0, 'max': 6.0, 'gini': 0.0}, {'sum': 12.0, 'mean': 6.0, 'min': 6.0, 'max': 6.0, 'gini': 0.0}, {'sum': 12.0, 'mean': 6.0, 'min': 6.0, 'max': 6.0, 'gini': 0.0}, {'sum': 12.0, 'mean': 6.0, 'min': 6.0, 'max': 6.0, 'gini': 0.0}, {'sum': 12.0, 'mean': 6.0, 'min': 6.0, 'max': 6.0, 'gini': 0.0}, {'sum': 12.0, 'mean': 6.0, 'min': 6.0, 'max': 6.0, 'gini': 0.0}, {'sum': 12.0, 'mean': 6.0, 'min': 6.0, 'max': 6.0, 'gini': 0.0}]"
game_45,en,True,10,10,False,False,1,agent1,baseline:TitForTat,neutral,0.0,tit_for_tat,"['OptionA', 'OptionA', 'OptionA', 'OptionA', 'OptionA', 'OptionA', 'OptionA', 'OptionA', 'OptionA', 'OptionA']","[6.0, 6.0, 6.0, 6.0, 6.0, 6.0, 6.0, 6.0, 6.0, 6.0]",[],"[4.0, 4.0, 4.0, 4.0, 4.0, 4.0, 4.0, 4.0, 4.0, 4.0]",4.0,agent4,baseline:GrimTrigger,neutral,0.0,grim_trigger,"['OptionA', 'OptionA', 'OptionA', 'OptionA', 'OptionA', 'OptionA', 'OptionA', 'OptionA', 'OptionA', 'OptionA']","[6.0, 6.0, 6.0, 6.0, 6.0, 6.0, 6.0, 6.0, 6.0, 6.0]",[],"[4.0, 4.0, 4.0, 4.0, 4.0, 4.0, 4.0, 4.0, 4.0, 4.0]",4.0,12.0,6.0,0.0,,"[{'sum': 12.0, 'mean': 6.0, 'min': 6.0, 'max': 6.0, 'gini': 0.0}, {'sum': 12.0, 'mean': 6.0, 'min': 6.0, 'max': 6.0, 'gini': 0.0}, {'sum': 12.0, 'mean': 6.0, 'min': 6.0, 'max': 6.0, 'gini': 0.0}, {'sum': 12.0, 'mean': 6.0, 'min': 6.0, 'max': 6.0, 'gini': 0.0}, {'sum': 12.0, 'mean': 6.0, 'min': 6.0, 'max': 6.0, 'gini': 0.0}, {'sum': 12.0, 'mean': 6.0, 'min': 6.0, 'max': 6.0, 'gini': 0.0}, {'sum': 12.0, 'mean': 6.0, 'min': 6.0, 'max': 6.0, 'gini': 0.0}, {'sum': 12.0, 'mean': 6.0, 'min': 6.0, 'max': 6.0, 'gini': 0.0}, {'sum': 12.0, 'mean': 6.0, 'min': 6.0, 'max': 6.0, 'gini': 0.0}, {'sum': 12.0, 'mean': 6.0, 'min': 6.0, 'max': 6.0, 'gini': 0.0}]"
game_46,en,True,10,10,False,False,1,agent1,baseline:TitForTat,neutral,0.0,tit_for_tat,"['OptionA', 'OptionA', 'OptionA', 'OptionA', 'OptionA', 'OptionA', 'OptionA', 'OptionA', 'OptionA', 'OptionA']","[6.0, 6.0, 6.0, 6.0, 6.0, 6.0, 6.0, 6.0, 6.0, 6.0]",[],"[4.0, 4.0, 4.0, 4.0, 4.0, 4.0, 4.0, 4.0, 4.0, 4.0]",4.0,agent4,baseline:GrimTrigger,neutral,0.0,grim_trigger,"['OptionA', 'OptionA', 'OptionA', 'OptionA', 'OptionA', 'OptionA', 'OptionA', 'OptionA', 'OptionA', 'OptionA']","[6.0, 6.0, 6.0, 6.0, 6.0, 6.0, 6.0, 6.0, 6.0, 6.0]",[],"[4.0, 4.0, 4.0, 4.0, 4.0, 4.0, 4.0, 4.0, 4.0, 4.0]",4.0,12.0,6.0,0.0,,"[{'sum': 12.0, 'mean': 6.0, 'min': 6.0, 'max': 6.0, 'gini': 0.0}, {'sum': 12.0, 'mean': 6.0, 'min': 6.0, 'max': 6.0, 'gini': 0.0}, {'sum': 12.0, 'mean': 6.0, 'min': 6.0, 'max': 6.0, 'gini': 0.0}, {'sum': 12.0, 'mean': 6.0, 'min': 6.0, 'max': 6.0, 'gini': 0.0}, {'sum': 12.0, 'mean': 6.0, 'min': 6.0, 'max': 6.0, 'gini': 0.0}, {'sum': 12.0, 'mean': 6.0, 'min': 6.0, 'max': 6.0, 'gini': 0.0}, {'sum': 12.0, 'mean': 6.0, 'min': 6.0, 'max': 6.0, 'gini': 0.0}, {'sum': 12.0, 'mean': 6.0, 'min': 6.0, 'max': 6.0, 'gini': 0.0}, {'sum': 12.0, 'mean': 6.0, 'min': 6.0, 'max': 6.0, 'gini': 0.0}, {'sum': 12.0, 'mean': 6.0, 'min': 6.0, 'max': 6.0, 'gini': 0.0}]"
game_47,en,True,10,10,False,False,1,agent1,baseline:TitForTat,neutral,0.0,tit_for_tat,"['OptionA', 'OptionA', 'OptionA', 'OptionA', 'OptionA', 'OptionA', 'OptionA', 'OptionA', 'OptionA', 'OptionA']","[6.0, 6.0, 6.0, 6.0, 6.0, 6.0, 6.0, 6.0, 6.0, 6.0]",[],"[4.0, 4.0, 4.0, 4.0, 4.0, 4.0, 4.0, 4.0, 4.0, 4.0]",4.0,agent4,baseline:GrimTrigger,neutral,0.0,grim_trigger,"['OptionA', 'OptionA', 'OptionA', 'OptionA', 'OptionA', 'OptionA', 'OptionA', 'OptionA', 'OptionA', 'OptionA']","[6.0, 6.0, 6.0, 6.0, 6.0, 6.0, 6.0, 6.0, 6.0, 6.0]",[],"[4.0, 4.0, 4.0, 4.0, 4.0, 4.0, 4.0, 4.0, 4.0, 4.0]",4.0,12.0,6.0,0.0,,"[{'sum': 12.0, 'mean': 6.0, 'min': 6.0, 'max': 6.0, 'gini': 0.0}, {'sum': 12.0, 'mean': 6.0, 'min': 6.0, 'max': 6.0, 'gini': 0.0}, {'sum': 12.0, 'mean': 6.0, 'min': 6.0, 'max': 6.0, 'gini': 0.0}, {'sum': 12.0, 'mean': 6.0, 'min': 6.0, 'max': 6.0, 'gini': 0.0}, {'sum': 12.0, 'mean': 6.0, 'min': 6.0, 'max': 6.0, 'gini': 0.0}, {'sum': 12.0, 'mean': 6.0, 'min': 6.0, 'max': 6.0, 'gini': 0.0}, {'sum': 12.0, 'mean': 6.0, 'min': 6.0, 'max': 6.0, 'gini': 0.0}, {'sum': 12.0, 'mean': 6.0, 'min': 6.0, 'max': 6.0, 'gini': 0.0}, {'sum': 12.0, 'mean': 6.0, 'min': 6.0, 'max': 6.0, 'gini': 0.0}, {'sum': 12.0, 'mean': 6.0, 'min': 6.0, 'max': 6.0, 'gini': 0.0}]"
game_48,en,True,10,10,False,False,1,agent2,baseline:AlwaysCooperate,neutral,0.0,always_cooperate,"['OptionA', 'OptionA', 'OptionA', 'OptionA', 'OptionA', 'OptionA', 'OptionA', 'OptionA', 'OptionA', 'OptionA']","[0.0, 0.0, 0.0, 0.0, 0.0, 0.0, 0.0, 0.0, 0.0, 0.0]",[],"[2.0, 2.0, 2.0, 2.0, 2.0, 2.0, 2.0, 2.0, 2.0, 2.0]",2.0,agent3,baseline:AlwaysDefect,neutral,0.0,always_defect,"['OptionB', 'OptionB', 'OptionB', 'OptionB', 'OptionB', 'OptionB', 'OptionB', 'OptionB', 'OptionB', 'OptionB']","[10.0, 10.0, 10.0, 10.0, 10.0, 10.0, 10.0, 10.0, 10.0, 10.0]",[],"[0.0, 0.0, 0.0, 0.0, 0.0, 0.0, 0.0, 0.0, 0.0, 0.0]",0.0,10.0,0.0,0.5,,"[{'sum': 10.0, 'mean': 5.0, 'min': 0.0, 'max': 10.0, 'gini': 0.5}, {'sum': 10.0, 'mean': 5.0, 'min': 0.0, 'max': 10.0, 'gini': 0.5}, {'sum': 10.0, 'mean': 5.0, 'min': 0.0, 'max': 10.0, 'gini': 0.5}, {'sum': 10.0, 'mean': 5.0, 'min': 0.0, 'max': 10.0, 'gini': 0.5}, {'sum': 10.0, 'mean': 5.0, 'min': 0.0, 'max': 10.0, 'gini': 0.5}, {'sum': 10.0, 'mean': 5.0, 'min': 0.0, 'max': 10.0, 'gini': 0.5}, {'sum': 10.0, 'mean': 5.0, 'min': 0.0, 'max': 10.0, 'gini': 0.5}, {'sum': 10.0, 'mean': 5.0, 'min': 0.0, 'max': 10.0, 'gini': 0.5}, {'sum': 10.0, 'mean': 5.0, 'min': 0.0, 'max': 10.0, 'gini': 0.5}, {'sum': 10.0, 'mean': 5.0, 'min': 0.0, 'max': 10.0, 'gini': 0.5}]"
game_49,en,True,10,10,False,False,1,agent2,baseline:AlwaysCooperate,neutral,0.0,always_cooperate,"['OptionA', 'OptionA', 'OptionA', 'OptionA', 'OptionA', 'OptionA', 'OptionA', 'OptionA', 'OptionA', 'OptionA']","[0.0, 0.0, 0.0, 0.0, 0.0, 0.0, 0.0, 0.0, 0.0, 0.0]",[],"[2.0, 2.0, 2.0, 2.0, 2.0, 2.0, 2.0, 2.0, 2.0, 2.0]",2.0,agent3,baseline:AlwaysDefect,neutral,0.0,always_defect,"['OptionB', 'OptionB', 'OptionB', 'OptionB', 'OptionB', 'OptionB', 'OptionB', 'OptionB', 'OptionB', 'OptionB']","[10.0, 10.0, 10.0, 10.0, 10.0, 10.0, 10.0, 10.0, 10.0, 10.0]",[],"[0.0, 0.0, 0.0, 0.0, 0.0, 0.0, 0.0, 0.0, 0.0, 0.0]",0.0,10.0,0.0,0.5,,"[{'sum': 10.0, 'mean': 5.0, 'min': 0.0, 'max': 10.0, 'gini': 0.5}, {'sum': 10.0, 'mean': 5.0, 'min': 0.0, 'max': 10.0, 'gini': 0.5}, {'sum': 10.0, 'mean': 5.0, 'min': 0.0, 'max': 10.0, 'gini': 0.5}, {'sum': 10.0, 'mean': 5.0, 'min': 0.0, 'max': 10.0, 'gini': 0.5}, {'sum': 10.0, 'mean': 5.0, 'min': 0.0, 'max': 10.0, 'gini': 0.5}, {'sum': 10.0, 'mean': 5.0, 'min': 0.0, 'max': 10.0, 'gini': 0.5}, {'sum': 10.0, 'mean': 5.0, 'min': 0.0, 'max': 10.0, 'gini': 0.5}, {'sum': 10.0, 'mean': 5.0, 'min': 0.0, 'max': 10.0, 'gini': 0.5}, {'sum': 10.0, 'mean': 5.0, 'min': 0.0, 'max': 10.0, 'gini': 0.5}, {'sum': 10.0, 'mean': 5.0, 'min': 0.0, 'max': 10.0, 'gini': 0.5}]"
game_50,en,True,10,10,False,False,1,agent2,baseline:AlwaysCooperate,neutral,0.0,always_cooperate,"['OptionA', 'OptionA', 'OptionA', 'OptionA', 'OptionA', 'OptionA', 'OptionA', 'OptionA', 'OptionA', 'OptionA']","[0.0, 0.0, 0.0, 0.0, 0.0, 0.0, 0.0, 0.0, 0.0, 0.0]",[],"[2.0, 2.0, 2.0, 2.0, 2.0, 2.0, 2.0, 2.0, 2.0, 2.0]",2.0,agent3,baseline:AlwaysDefect,neutral,0.0,always_defect,"['OptionB', 'OptionB', 'OptionB', 'OptionB', 'OptionB', 'OptionB', 'OptionB', 'OptionB', 'OptionB', 'OptionB']","[10.0, 10.0, 10.0, 10.0, 10.0, 10.0, 10.0, 10.0, 10.0, 10.0]",[],"[0.0, 0.0, 0.0, 0.0, 0.0, 0.0, 0.0, 0.0, 0.0, 0.0]",0.0,10.0,0.0,0.5,,"[{'sum': 10.0, 'mean': 5.0, 'min': 0.0, 'max': 10.0, 'gini': 0.5}, {'sum': 10.0, 'mean': 5.0, 'min': 0.0, 'max': 10.0, 'gini': 0.5}, {'sum': 10.0, 'mean': 5.0, 'min': 0.0, 'max': 10.0, 'gini': 0.5}, {'sum': 10.0, 'mean': 5.0, 'min': 0.0, 'max': 10.0, 'gini': 0.5}, {'sum': 10.0, 'mean': 5.0, 'min': 0.0, 'max': 10.0, 'gini': 0.5}, {'sum': 10.0, 'mean': 5.0, 'min': 0.0, 'max': 10.0, 'gini': 0.5}, {'sum': 10.0, 'mean': 5.0, 'min': 0.0, 'max': 10.0, 'gini': 0.5}, {'sum': 10.0, 'mean': 5.0, 'min': 0.0, 'max': 10.0, 'gini': 0.5}, {'sum': 10.0, 'mean': 5.0, 'min': 0.0, 'max': 10.0, 'gini': 0.5}, {'sum': 10.0, 'mean': 5.0, 'min': 0.0, 'max': 10.0, 'gini': 0.5}]"
game_51,en,True,10,10,False,False,1,agent2,baseline:AlwaysCooperate,neutral,0.0,always_cooperate,"['OptionA', 'OptionA', 'OptionA', 'OptionA', 'OptionA', 'OptionA', 'OptionA', 'OptionA', 'OptionA', 'OptionA']","[0.0, 0.0, 0.0, 0.0, 0.0, 0.0, 0.0, 0.0, 0.0, 0.0]",[],"[2.0, 2.0, 2.0, 2.0, 2.0, 2.0, 2.0, 2.0, 2.0, 2.0]",2.0,agent3,baseline:AlwaysDefect,neutral,0.0,always_defect,"['OptionB', 'OptionB', 'OptionB', 'OptionB', 'OptionB', 'OptionB', 'OptionB', 'OptionB', 'OptionB', 'OptionB']","[10.0, 10.0, 10.0, 10.0, 10.0, 10.0, 10.0, 10.0, 10.0, 10.0]",[],"[0.0, 0.0, 0.0, 0.0, 0.0, 0.0, 0.0, 0.0, 0.0, 0.0]",0.0,10.0,0.0,0.5,,"[{'sum': 10.0, 'mean': 5.0, 'min': 0.0, 'max': 10.0, 'gini': 0.5}, {'sum': 10.0, 'mean': 5.0, 'min': 0.0, 'max': 10.0, 'gini': 0.5}, {'sum': 10.0, 'mean': 5.0, 'min': 0.0, 'max': 10.0, 'gini': 0.5}, {'sum': 10.0, 'mean': 5.0, 'min': 0.0, 'max': 10.0, 'gini': 0.5}, {'sum': 10.0, 'mean': 5.0, 'min': 0.0, 'max': 10.0, 'gini': 0.5}, {'sum': 10.0, 'mean': 5.0, 'min': 0.0, 'max': 10.0, 'gini': 0.5}, {'sum': 10.0, 'mean': 5.0, 'min': 0.0, 'max': 10.0, 'gini': 0.5}, {'sum': 10.0, 'mean': 5.0, 'min': 0.0, 'max': 10.0, 'gini': 0.5}, {'sum': 10.0, 'mean': 5.0, 'min': 0.0, 'max': 10.0, 'gini': 0.5}, {'sum': 10.0, 'mean': 5.0, 'min': 0.0, 'max': 10.0, 'gini': 0.5}]"
game_52,en,True,10,10,False,False,1,agent2,baseline:AlwaysCooperate,neutral,0.0,always_cooperate,"['OptionA', 'OptionA', 'OptionA', 'OptionA', 'OptionA', 'OptionA', 'OptionA', 'OptionA', 'OptionA', 'OptionA']","[0.0, 0.0, 0.0, 0.0, 0.0, 0.0, 0.0, 0.0, 0.0, 0.0]",[],"[2.0, 2.0, 2.0, 2.0, 2.0, 2.0, 2.0, 2.0, 2.0, 2.0]",2.0,agent3,baseline:AlwaysDefect,neutral,0.0,always_defect,"['OptionB', 'OptionB', 'OptionB', 'OptionB', 'OptionB', 'OptionB', 'OptionB', 'OptionB', 'OptionB', 'OptionB']","[10.0, 10.0, 10.0, 10.0, 10.0, 10.0, 10.0, 10.0, 10.0, 10.0]",[],"[0.0, 0.0, 0.0, 0.0, 0.0, 0.0, 0.0, 0.0, 0.0, 0.0]",0.0,10.0,0.0,0.5,,"[{'sum': 10.0, 'mean': 5.0, 'min': 0.0, 'max': 10.0, 'gini': 0.5}, {'sum': 10.0, 'mean': 5.0, 'min': 0.0, 'max': 10.0, 'gini': 0.5}, {'sum': 10.0, 'mean': 5.0, 'min': 0.0, 'max': 10.0, 'gini': 0.5}, {'sum': 10.0, 'mean': 5.0, 'min': 0.0, 'max': 10.0, 'gini': 0.5}, {'sum': 10.0, 'mean': 5.0, 'min': 0.0, 'max': 10.0, 'gini': 0.5}, {'sum': 10.0, 'mean': 5.0, 'min': 0.0, 'max': 10.0, 'gini': 0.5}, {'sum': 10.0, 'mean': 5.0, 'min': 0.0, 'max': 10.0, 'gini': 0.5}, {'sum': 10.0, 'mean': 5.0, 'min': 0.0, 'max': 10.0, 'gini': 0.5}, {'sum': 10.0, 'mean': 5.0, 'min': 0.0, 'max': 10.0, 'gini': 0.5}, {'sum': 10.0, 'mean': 5.0, 'min': 0.0, 'max': 10.0, 'gini': 0.5}]"
game_53,en,True,10,10,False,False,1,agent2,baseline:AlwaysCooperate,neutral,0.0,always_cooperate,"['OptionA', 'OptionA', 'OptionA', 'OptionA', 'OptionA', 'OptionA', 'OptionA', 'OptionA', 'OptionA', 'OptionA']","[0.0, 0.0, 0.0, 0.0, 0.0, 0.0, 0.0, 0.0, 0.0, 0.0]",[],"[2.0, 2.0, 2.0, 2.0, 2.0, 2.0, 2.0, 2.0, 2.0, 2.0]",2.0,agent3,baseline:AlwaysDefect,neutral,0.0,always_defect,"['OptionB', 'OptionB', 'OptionB', 'OptionB', 'OptionB', 'OptionB', 'OptionB', 'OptionB', 'OptionB', 'OptionB']","[10.0, 10.0, 10.0, 10.0, 10.0, 10.0, 10.0, 10.0, 10.0, 10.0]",[],"[0.0, 0.0, 0.0, 0.0, 0.0, 0.0, 0.0, 0.0, 0.0, 0.0]",0.0,10.0,0.0,0.5,,"[{'sum': 10.0, 'mean': 5.0, 'min': 0.0, 'max': 10.0, 'gini': 0.5}, {'sum': 10.0, 'mean': 5.0, 'min': 0.0, 'max': 10.0, 'gini': 0.5}, {'sum': 10.0, 'mean': 5.0, 'min': 0.0, 'max': 10.0, 'gini': 0.5}, {'sum': 10.0, 'mean': 5.0, 'min': 0.0, 'max': 10.0, 'gini': 0.5}, {'sum': 10.0, 'mean': 5.0, 'min': 0.0, 'max': 10.0, 'gini': 0.5}, {'sum': 10.0, 'mean': 5.0, 'min': 0.0, 'max': 10.0, 'gini': 0.5}, {'sum': 10.0, 'mean': 5.0, 'min': 0.0, 'max': 10.0, 'gini': 0.5}, {'sum': 10.0, 'mean': 5.0, 'min': 0.0, 'max': 10.0, 'gini': 0.5}, {'sum': 10.0, 'mean': 5.0, 'min': 0.0, 'max': 10.0, 'gini': 0.5}, {'sum': 10.0, 'mean': 5.0, 'min': 0.0, 'max': 10.0, 'gini': 0.5}]"
game_54,en,True,10,10,False,False,1,agent2,baseline:AlwaysCooperate,neutral,0.0,always_cooperate,"['OptionA', 'OptionA', 'OptionA', 'OptionA', 'OptionA', 'OptionA', 'OptionA', 'OptionA', 'OptionA', 'OptionA']","[0.0, 0.0, 0.0, 0.0, 0.0, 0.0, 0.0, 0.0, 0.0, 0.0]",[],"[2.0, 2.0, 2.0, 2.0, 2.0, 2.0, 2.0, 2.0, 2.0, 2.0]",2.0,agent3,baseline:AlwaysDefect,neutral,0.0,always_defect,"['OptionB', 'OptionB', 'OptionB', 'OptionB', 'OptionB', 'OptionB', 'OptionB', 'OptionB', 'OptionB', 'OptionB']","[10.0, 10.0, 10.0, 10.0, 10.0, 10.0, 10.0, 10.0, 10.0, 10.0]",[],"[0.0, 0.0, 0.0, 0.0, 0.0, 0.0, 0.0, 0.0, 0.0, 0.0]",0.0,10.0,0.0,0.5,,"[{'sum': 10.0, 'mean': 5.0, 'min': 0.0, 'max': 10.0, 'gini': 0.5}, {'sum': 10.0, 'mean': 5.0, 'min': 0.0, 'max': 10.0, 'gini': 0.5}, {'sum': 10.0, 'mean': 5.0, 'min': 0.0, 'max': 10.0, 'gini': 0.5}, {'sum': 10.0, 'mean': 5.0, 'min': 0.0, 'max': 10.0, 'gini': 0.5}, {'sum': 10.0, 'mean': 5.0, 'min': 0.0, 'max': 10.0, 'gini': 0.5}, {'sum': 10.0, 'mean': 5.0, 'min': 0.0, 'max': 10.0, 'gini': 0.5}, {'sum': 10.0, 'mean': 5.0, 'min': 0.0, 'max': 10.0, 'gini': 0.5}, {'sum': 10.0, 'mean': 5.0, 'min': 0.0, 'max': 10.0, 'gini': 0.5}, {'sum': 10.0, 'mean': 5.0, 'min': 0.0, 'max': 10.0, 'gini': 0.5}, {'sum': 10.0, 'mean': 5.0, 'min': 0.0, 'max': 10.0, 'gini': 0.5}]"
game_55,en,True,10,10,False,False,1,agent2,baseline:AlwaysCooperate,neutral,0.0,always_cooperate,"['OptionA', 'OptionA', 'OptionA', 'OptionA', 'OptionA', 'OptionA', 'OptionA', 'OptionA', 'OptionA', 'OptionA']","[0.0, 0.0, 0.0, 0.0, 0.0, 0.0, 0.0, 0.0, 0.0, 0.0]",[],"[2.0, 2.0, 2.0, 2.0, 2.0, 2.0, 2.0, 2.0, 2.0, 2.0]",2.0,agent3,baseline:AlwaysDefect,neutral,0.0,always_defect,"['OptionB', 'OptionB', 'OptionB', 'OptionB', 'OptionB', 'OptionB', 'OptionB', 'OptionB', 'OptionB', 'OptionB']","[10.0, 10.0, 10.0, 10.0, 10.0, 10.0, 10.0, 10.0, 10.0, 10.0]",[],"[0.0, 0.0, 0.0, 0.0, 0.0, 0.0, 0.0, 0.0, 0.0, 0.0]",0.0,10.0,0.0,0.5,,"[{'sum': 10.0, 'mean': 5.0, 'min': 0.0, 'max': 10.0, 'gini': 0.5}, {'sum': 10.0, 'mean': 5.0, 'min': 0.0, 'max': 10.0, 'gini': 0.5}, {'sum': 10.0, 'mean': 5.0, 'min': 0.0, 'max': 10.0, 'gini': 0.5}, {'sum': 10.0, 'mean': 5.0, 'min': 0.0, 'max': 10.0, 'gini': 0.5}, {'sum': 10.0, 'mean': 5.0, 'min': 0.0, 'max': 10.0, 'gini': 0.5}, {'sum': 10.0, 'mean': 5.0, 'min': 0.0, 'max': 10.0, 'gini': 0.5}, {'sum': 10.0, 'mean': 5.0, 'min': 0.0, 'max': 10.0, 'gini': 0.5}, {'sum': 10.0, 'mean': 5.0, 'min': 0.0, 'max': 10.0, 'gini': 0.5}, {'sum': 10.0, 'mean': 5.0, 'min': 0.0, 'max': 10.0, 'gini': 0.5}, {'sum': 10.0, 'mean': 5.0, 'min': 0.0, 'max': 10.0, 'gini': 0.5}]"
game_56,en,True,10,10,False,False,1,agent2,baseline:AlwaysCooperate,neutral,0.0,always_cooperate,"['OptionA', 'OptionA', 'OptionA', 'OptionA', 'OptionA', 'OptionA', 'OptionA', 'OptionA', 'OptionA', 'OptionA']","[0.0, 0.0, 0.0, 0.0, 0.0, 0.0, 0.0, 0.0, 0.0, 0.0]",[],"[2.0, 2.0, 2.0, 2.0, 2.0, 2.0, 2.0, 2.0, 2.0, 2.0]",2.0,agent3,baseline:AlwaysDefect,neutral,0.0,always_defect,"['OptionB', 'OptionB', 'OptionB', 'OptionB', 'OptionB', 'OptionB', 'OptionB', 'OptionB', 'OptionB', 'OptionB']","[10.0, 10.0, 10.0, 10.0, 10.0, 10.0, 10.0, 10.0, 10.0, 10.0]",[],"[0.0, 0.0, 0.0, 0.0, 0.0, 0.0, 0.0, 0.0, 0.0, 0.0]",0.0,10.0,0.0,0.5,,"[{'sum': 10.0, 'mean': 5.0, 'min': 0.0, 'max': 10.0, 'gini': 0.5}, {'sum': 10.0, 'mean': 5.0, 'min': 0.0, 'max': 10.0, 'gini': 0.5}, {'sum': 10.0, 'mean': 5.0, 'min': 0.0, 'max': 10.0, 'gini': 0.5}, {'sum': 10.0, 'mean': 5.0, 'min': 0.0, 'max': 10.0, 'gini': 0.5}, {'sum': 10.0, 'mean': 5.0, 'min': 0.0, 'max': 10.0, 'gini': 0.5}, {'sum': 10.0, 'mean': 5.0, 'min': 0.0, 'max': 10.0, 'gini': 0.5}, {'sum': 10.0, 'mean': 5.0, 'min': 0.0, 'max': 10.0, 'gini': 0.5}, {'sum': 10.0, 'mean': 5.0, 'min': 0.0, 'max': 10.0, 'gini': 0.5}, {'sum': 10.0, 'mean': 5.0, 'min': 0.0, 'max': 10.0, 'gini': 0.5}, {'sum': 10.0, 'mean': 5.0, 'min': 0.0, 'max': 10.0, 'gini': 0.5}]"
game_57,en,True,10,10,False,False,1,agent2,baseline:AlwaysCooperate,neutral,0.0,always_cooperate,"['OptionA', 'OptionA', 'OptionA', 'OptionA', 'OptionA', 'OptionA', 'OptionA', 'OptionA', 'OptionA', 'OptionA']","[0.0, 0.0, 0.0, 0.0, 0.0, 0.0, 0.0, 0.0, 0.0, 0.0]",[],"[2.0, 2.0, 2.0, 2.0, 2.0, 2.0, 2.0, 2.0, 2.0, 2.0]",2.0,agent3,baseline:AlwaysDefect,neutral,0.0,always_defect,"['OptionB', 'OptionB', 'OptionB', 'OptionB', 'OptionB', 'OptionB', 'OptionB', 'OptionB', 'OptionB', 'OptionB']","[10.0, 10.0, 10.0, 10.0, 10.0, 10.0, 10.0, 10.0, 10.0, 10.0]",[],"[0.0, 0.0, 0.0, 0.0, 0.0, 0.0, 0.0, 0.0, 0.0, 0.0]",0.0,10.0,0.0,0.5,,"[{'sum': 10.0, 'mean': 5.0, 'min': 0.0, 'max': 10.0, 'gini': 0.5}, {'sum': 10.0, 'mean': 5.0, 'min': 0.0, 'max': 10.0, 'gini': 0.5}, {'sum': 10.0, 'mean': 5.0, 'min': 0.0, 'max': 10.0, 'gini': 0.5}, {'sum': 10.0, 'mean': 5.0, 'min': 0.0, 'max': 10.0, 'gini': 0.5}, {'sum': 10.0, 'mean': 5.0, 'min': 0.0, 'max': 10.0, 'gini': 0.5}, {'sum': 10.0, 'mean': 5.0, 'min': 0.0, 'max': 10.0, 'gini': 0.5}, {'sum': 10.0, 'mean': 5.0, 'min': 0.0, 'max': 10.0, 'gini': 0.5}, {'sum': 10.0, 'mean': 5.0, 'min': 0.0, 'max': 10.0, 'gini': 0.5}, {'sum': 10.0, 'mean': 5.0, 'min': 0.0, 'max': 10.0, 'gini': 0.5}, {'sum': 10.0, 'mean': 5.0, 'min': 0.0, 'max': 10.0, 'gini': 0.5}]"
game_58,en,True,10,10,False,False,1,agent2,baseline:AlwaysCooperate,neutral,0.0,always_cooperate,"['OptionA', 'OptionA', 'OptionA', 'OptionA', 'OptionA', 'OptionA', 'OptionA', 'OptionA', 'OptionA', 'OptionA']","[0.0, 0.0, 0.0, 0.0, 0.0, 0.0, 0.0, 0.0, 0.0, 0.0]",[],"[2.0, 2.0, 2.0, 2.0, 2.0, 2.0, 2.0, 2.0, 2.0, 2.0]",2.0,agent3,baseline:AlwaysDefect,neutral,0.0,always_defect,"['OptionB', 'OptionB', 'OptionB', 'OptionB', 'OptionB', 'OptionB', 'OptionB', 'OptionB', 'OptionB', 'OptionB']","[10.0, 10.0, 10.0, 10.0, 10.0, 10.0, 10.0, 10.0, 10.0, 10.0]",[],"[0.0, 0.0, 0.0, 0.0, 0.0, 0.0, 0.0, 0.0, 0.0, 0.0]",0.0,10.0,0.0,0.5,,"[{'sum': 10.0, 'mean': 5.0, 'min': 0.0, 'max': 10.0, 'gini': 0.5}, {'sum': 10.0, 'mean': 5.0, 'min': 0.0, 'max': 10.0, 'gini': 0.5}, {'sum': 10.0, 'mean': 5.0, 'min': 0.0, 'max': 10.0, 'gini': 0.5}, {'sum': 10.0, 'mean': 5.0, 'min': 0.0, 'max': 10.0, 'gini': 0.5}, {'sum': 10.0, 'mean': 5.0, 'min': 0.0, 'max': 10.0, 'gini': 0.5}, {'sum': 10.0, 'mean': 5.0, 'min': 0.0, 'max': 10.0, 'gini': 0.5}, {'sum': 10.0, 'mean': 5.0, 'min': 0.0, 'max': 10.0, 'gini': 0.5}, {'sum': 10.0, 'mean': 5.0, 'min': 0.0, 'max': 10.0, 'gini': 0.5}, {'sum': 10.0, 'mean': 5.0, 'min': 0.0, 'max': 10.0, 'gini': 0.5}, {'sum': 10.0, 'mean': 5.0, 'min': 0.0, 'max': 10.0, 'gini': 0.5}]"
game_59,en,True,10,10,False,False,1,agent2,baseline:AlwaysCooperate,neutral,0.0,always_cooperate,"['OptionA', 'OptionA', 'OptionA', 'OptionA', 'OptionA', 'OptionA', 'OptionA', 'OptionA', 'OptionA', 'OptionA']","[0.0, 0.0, 0.0, 0.0, 0.0, 0.0, 0.0, 0.0, 0.0, 0.0]",[],"[2.0, 2.0, 2.0, 2.0, 2.0, 2.0, 2.0, 2.0, 2.0, 2.0]",2.0,agent3,baseline:AlwaysDefect,neutral,0.0,always_defect,"['OptionB', 'OptionB', 'OptionB', 'OptionB', 'OptionB', 'OptionB', 'OptionB', 'OptionB', 'OptionB', 'OptionB']","[10.0, 10.0, 10.0, 10.0, 10.0, 10.0, 10.0, 10.0, 10.0, 10.0]",[],"[0.0, 0.0, 0.0, 0.0, 0.0, 0.0, 0.0, 0.0, 0.0, 0.0]",0.0,10.0,0.0,0.5,,"[{'sum': 10.0, 'mean': 5.0, 'min': 0.0, 'max': 10.0, 'gini': 0.5}, {'sum': 10.0, 'mean': 5.0, 'min': 0.0, 'max': 10.0, 'gini': 0.5}, {'sum': 10.0, 'mean': 5.0, 'min': 0.0, 'max': 10.0, 'gini': 0.5}, {'sum': 10.0, 'mean': 5.0, 'min': 0.0, 'max': 10.0, 'gini': 0.5}, {'sum': 10.0, 'mean': 5.0, 'min': 0.0, 'max': 10.0, 'gini': 0.5}, {'sum': 10.0, 'mean': 5.0, 'min': 0.0, 'max': 10.0, 'gini': 0.5}, {'sum': 10.0, 'mean': 5.0, 'min': 0.0, 'max': 10.0, 'gini': 0.5}, {'sum': 10.0, 'mean': 5.0, 'min': 0.0, 'max': 10.0, 'gini': 0.5}, {'sum': 10.0, 'mean': 5.0, 'min': 0.0, 'max': 10.0, 'gini': 0.5}, {'sum': 10.0, 'mean': 5.0, 'min': 0.0, 'max': 10.0, 'gini': 0.5}]"
game_60,en,True,10,10,False,False,1,agent2,baseline:AlwaysCooperate,neutral,0.0,always_cooperate,"['OptionA', 'OptionA', 'OptionA', 'OptionA', 'OptionA', 'OptionA', 'OptionA', 'OptionA', 'OptionA', 'OptionA']","[0.0, 0.0, 0.0, 0.0, 0.0, 0.0, 0.0, 0.0, 0.0, 0.0]",[],"[2.0, 2.0, 2.0, 2.0, 2.0, 2.0, 2.0, 2.0, 2.0, 2.0]",2.0,agent3,baseline:AlwaysDefect,neutral,0.0,always_defect,"['OptionB', 'OptionB', 'OptionB', 'OptionB', 'OptionB', 'OptionB', 'OptionB', 'OptionB', 'OptionB', 'OptionB']","[10.0, 10.0, 10.0, 10.0, 10.0, 10.0, 10.0, 10.0, 10.0, 10.0]",[],"[0.0, 0.0, 0.0, 0.0, 0.0, 0.0, 0.0, 0.0, 0.0, 0.0]",0.0,10.0,0.0,0.5,,"[{'sum': 10.0, 'mean': 5.0, 'min': 0.0, 'max': 10.0, 'gini': 0.5}, {'sum': 10.0, 'mean': 5.0, 'min': 0.0, 'max': 10.0, 'gini': 0.5}, {'sum': 10.0, 'mean': 5.0, 'min': 0.0, 'max': 10.0, 'gini': 0.5}, {'sum': 10.0, 'mean': 5.0, 'min': 0.0, 'max': 10.0, 'gini': 0.5}, {'sum': 10.0, 'mean': 5.0, 'min': 0.0, 'max': 10.0, 'gini': 0.5}, {'sum': 10.0, 'mean': 5.0, 'min': 0.0, 'max': 10.0, 'gini': 0.5}, {'sum': 10.0, 'mean': 5.0, 'min': 0.0, 'max': 10.0, 'gini': 0.5}, {'sum': 10.0, 'mean': 5.0, 'min': 0.0, 'max': 10.0, 'gini': 0.5}, {'sum': 10.0, 'mean': 5.0, 'min': 0.0, 'max': 10.0, 'gini': 0.5}, {'sum': 10.0, 'mean': 5.0, 'min': 0.0, 'max': 10.0, 'gini': 0.5}]"
game_61,en,True,10,10,False,False,1,agent2,baseline:AlwaysCooperate,neutral,0.0,always_cooperate,"['OptionA', 'OptionA', 'OptionA', 'OptionA', 'OptionA', 'OptionA', 'OptionA', 'OptionA', 'OptionA', 'OptionA']","[0.0, 0.0, 0.0, 0.0, 0.0, 0.0, 0.0, 0.0, 0.0, 0.0]",[],"[2.0, 2.0, 2.0, 2.0, 2.0, 2.0, 2.0, 2.0, 2.0, 2.0]",2.0,agent3,baseline:AlwaysDefect,neutral,0.0,always_defect,"['OptionB', 'OptionB', 'OptionB', 'OptionB', 'OptionB', 'OptionB', 'OptionB', 'OptionB', 'OptionB', 'OptionB']","[10.0, 10.0, 10.0, 10.0, 10.0, 10.0, 10.0, 10.0, 10.0, 10.0]",[],"[0.0, 0.0, 0.0, 0.0, 0.0, 0.0, 0.0, 0.0, 0.0, 0.0]",0.0,10.0,0.0,0.5,,"[{'sum': 10.0, 'mean': 5.0, 'min': 0.0, 'max': 10.0, 'gini': 0.5}, {'sum': 10.0, 'mean': 5.0, 'min': 0.0, 'max': 10.0, 'gini': 0.5}, {'sum': 10.0, 'mean': 5.0, 'min': 0.0, 'max': 10.0, 'gini': 0.5}, {'sum': 10.0, 'mean': 5.0, 'min': 0.0, 'max': 10.0, 'gini': 0.5}, {'sum': 10.0, 'mean': 5.0, 'min': 0.0, 'max': 10.0, 'gini': 0.5}, {'sum': 10.0, 'mean': 5.0, 'min': 0.0, 'max': 10.0, 'gini': 0.5}, {'sum': 10.0, 'mean': 5.0, 'min': 0.0, 'max': 10.0, 'gini': 0.5}, {'sum': 10.0, 'mean': 5.0, 'min': 0.0, 'max': 10.0, 'gini': 0.5}, {'sum': 10.0, 'mean': 5.0, 'min': 0.0, 'max': 10.0, 'gini': 0.5}, {'sum': 10.0, 'mean': 5.0, 'min': 0.0, 'max': 10.0, 'gini': 0.5}]"
game_62,en,True,10,10,False,False,1,agent2,baseline:AlwaysCooperate,neutral,0.0,always_cooperate,"['OptionA', 'OptionA', 'OptionA', 'OptionA', 'OptionA', 'OptionA', 'OptionA', 'OptionA', 'OptionA', 'OptionA']","[0.0, 0.0, 0.0, 0.0, 0.0, 0.0, 0.0, 0.0, 0.0, 0.0]",[],"[2.0, 2.0, 2.0, 2.0, 2.0, 2.0, 2.0, 2.0, 2.0, 2.0]",2.0,agent3,baseline:AlwaysDefect,neutral,0.0,always_defect,"['OptionB', 'OptionB', 'OptionB', 'OptionB', 'OptionB', 'OptionB', 'OptionB', 'OptionB', 'OptionB', 'OptionB']","[10.0, 10.0, 10.0, 10.0, 10.0, 10.0, 10.0, 10.0, 10.0, 10.0]",[],"[0.0, 0.0, 0.0, 0.0, 0.0, 0.0, 0.0, 0.0, 0.0, 0.0]",0.0,10.0,0.0,0.5,,"[{'sum': 10.0, 'mean': 5.0, 'min': 0.0, 'max': 10.0, 'gini': 0.5}, {'sum': 10.0, 'mean': 5.0, 'min': 0.0, 'max': 10.0, 'gini': 0.5}, {'sum': 10.0, 'mean': 5.0, 'min': 0.0, 'max': 10.0, 'gini': 0.5}, {'sum': 10.0, 'mean': 5.0, 'min': 0.0, 'max': 10.0, 'gini': 0.5}, {'sum': 10.0, 'mean': 5.0, 'min': 0.0, 'max': 10.0, 'gini': 0.5}, {'sum': 10.0, 'mean': 5.0, 'min': 0.0, 'max': 10.0, 'gini': 0.5}, {'sum': 10.0, 'mean': 5.0, 'min': 0.0, 'max': 10.0, 'gini': 0.5}, {'sum': 10.0, 'mean': 5.0, 'min': 0.0, 'max': 10.0, 'gini': 0.5}, {'sum': 10.0, 'mean': 5.0, 'min': 0.0, 'max': 10.0, 'gini': 0.5}, {'sum': 10.0, 'mean': 5.0, 'min': 0.0, 'max': 10.0, 'gini': 0.5}]"
game_63,en,True,10,10,False,False,1,agent2,baseline:AlwaysCooperate,neutral,0.0,always_cooperate,"['OptionA', 'OptionA', 'OptionA', 'OptionA', 'OptionA', 'OptionA', 'OptionA', 'OptionA', 'OptionA', 'OptionA']","[0.0, 0.0, 0.0, 0.0, 0.0, 0.0, 0.0, 0.0, 0.0, 0.0]",[],"[2.0, 2.0, 2.0, 2.0, 2.0, 2.0, 2.0, 2.0, 2.0, 2.0]",2.0,agent3,baseline:AlwaysDefect,neutral,0.0,always_defect,"['OptionB', 'OptionB', 'OptionB', 'OptionB', 'OptionB', 'OptionB', 'OptionB', 'OptionB', 'OptionB', 'OptionB']","[10.0, 10.0, 10.0, 10.0, 10.0, 10.0, 10.0, 10.0, 10.0, 10.0]",[],"[0.0, 0.0, 0.0, 0.0, 0.0, 0.0, 0.0, 0.0, 0.0, 0.0]",0.0,10.0,0.0,0.5,,"[{'sum': 10.0, 'mean': 5.0, 'min': 0.0, 'max': 10.0, 'gini': 0.5}, {'sum': 10.0, 'mean': 5.0, 'min': 0.0, 'max': 10.0, 'gini': 0.5}, {'sum': 10.0, 'mean': 5.0, 'min': 0.0, 'max': 10.0, 'gini': 0.5}, {'sum': 10.0, 'mean': 5.0, 'min': 0.0, 'max': 10.0, 'gini': 0.5}, {'sum': 10.0, 'mean': 5.0, 'min': 0.0, 'max': 10.0, 'gini': 0.5}, {'sum': 10.0, 'mean': 5.0, 'min': 0.0, 'max': 10.0, 'gini': 0.5}, {'sum': 10.0, 'mean': 5.0, 'min': 0.0, 'max': 10.0, 'gini': 0.5}, {'sum': 10.0, 'mean': 5.0, 'min': 0.0, 'max': 10.0, 'gini': 0.5}, {'sum': 10.0, 'mean': 5.0, 'min': 0.0, 'max': 10.0, 'gini': 0.5}, {'sum': 10.0, 'mean': 5.0, 'min': 0.0, 'max': 10.0, 'gini': 0.5}]"
game_64,en,True,10,10,False,False,1,agent2,baseline:AlwaysCooperate,neutral,0.0,always_cooperate,"['OptionA', 'OptionA', 'OptionA', 'OptionA', 'OptionA', 'OptionA', 'OptionA', 'OptionA', 'OptionA', 'OptionA']","[6.0, 6.0, 6.0, 6.0, 6.0, 6.0, 6.0, 6.0, 6.0, 6.0]",[],"[4.0, 4.0, 4.0, 4.0, 4.0, 4.0, 4.0, 4.0, 4.0, 4.0]",4.0,agent4,baseline:GrimTrigger,neutral,0.0,grim_trigger,"['OptionA', 'OptionA', 'OptionA', 'OptionA', 'OptionA', 'OptionA', 'OptionA', 'OptionA', 'OptionA', 'OptionA']","[6.0, 6.0, 6.0, 6.0, 6.0, 6.0, 6.0, 6.0, 6.0, 6.0]",[],"[4.0, 4.0, 4.0, 4.0, 4.0, 4.0, 4.0, 4.0, 4.0, 4.0]",4.0,12.0,6.0,0.0,,"[{'sum': 12.0, 'mean': 6.0, 'min': 6.0, 'max': 6.0, 'gini': 0.0}, {'sum': 12.0, 'mean': 6.0, 'min': 6.0, 'max': 6.0, 'gini': 0.0}, {'sum': 12.0, 'mean': 6.0, 'min': 6.0, 'max': 6.0, 'gini': 0.0}, {'sum': 12.0, 'mean': 6.0, 'min': 6.0, 'max': 6.0, 'gini': 0.0}, {'sum': 12.0, 'mean': 6.0, 'min': 6.0, 'max': 6.0, 'gini': 0.0}, {'sum': 12.0, 'mean': 6.0, 'min': 6.0, 'max': 6.0, 'gini': 0.0}, {'sum': 12.0, 'mean': 6.0, 'min': 6.0, 'max': 6.0, 'gini': 0.0}, {'sum': 12.0, 'mean': 6.0, 'min': 6.0, 'max': 6.0, 'gini': 0.0}, {'sum': 12.0, 'mean': 6.0, 'min': 6.0, 'max': 6.0, 'gini': 0.0}, {'sum': 12.0, 'mean': 6.0, 'min': 6.0, 'max': 6.0, 'gini': 0.0}]"
game_65,en,True,10,10,False,False,1,agent2,baseline:AlwaysCooperate,neutral,0.0,always_cooperate,"['OptionA', 'OptionA', 'OptionA', 'OptionA', 'OptionA', 'OptionA', 'OptionA', 'OptionA', 'OptionA', 'OptionA']","[6.0, 6.0, 6.0, 6.0, 6.0, 6.0, 6.0, 6.0, 6.0, 6.0]",[],"[4.0, 4.0, 4.0, 4.0, 4.0, 4.0, 4.0, 4.0, 4.0, 4.0]",4.0,agent4,baseline:GrimTrigger,neutral,0.0,grim_trigger,"['OptionA', 'OptionA', 'OptionA', 'OptionA', 'OptionA', 'OptionA', 'OptionA', 'OptionA', 'OptionA', 'OptionA']","[6.0, 6.0, 6.0, 6.0, 6.0, 6.0, 6.0, 6.0, 6.0, 6.0]",[],"[4.0, 4.0, 4.0, 4.0, 4.0, 4.0, 4.0, 4.0, 4.0, 4.0]",4.0,12.0,6.0,0.0,,"[{'sum': 12.0, 'mean': 6.0, 'min': 6.0, 'max': 6.0, 'gini': 0.0}, {'sum': 12.0, 'mean': 6.0, 'min': 6.0, 'max': 6.0, 'gini': 0.0}, {'sum': 12.0, 'mean': 6.0, 'min': 6.0, 'max': 6.0, 'gini': 0.0}, {'sum': 12.0, 'mean': 6.0, 'min': 6.0, 'max': 6.0, 'gini': 0.0}, {'sum': 12.0, 'mean': 6.0, 'min': 6.0, 'max': 6.0, 'gini': 0.0}, {'sum': 12.0, 'mean': 6.0, 'min': 6.0, 'max': 6.0, 'gini': 0.0}, {'sum': 12.0, 'mean': 6.0, 'min': 6.0, 'max': 6.0, 'gini': 0.0}, {'sum': 12.0, 'mean': 6.0, 'min': 6.0, 'max': 6.0, 'gini': 0.0}, {'sum': 12.0, 'mean': 6.0, 'min': 6.0, 'max': 6.0, 'gini': 0.0}, {'sum': 12.0, 'mean': 6.0, 'min': 6.0, 'max': 6.0, 'gini': 0.0}]"
game_66,en,True,10,10,False,False,1,agent2,baseline:AlwaysCooperate,neutral,0.0,always_cooperate,"['OptionA', 'OptionA', 'OptionA', 'OptionA', 'OptionA', 'OptionA', 'OptionA', 'OptionA', 'OptionA', 'OptionA']","[6.0, 6.0, 6.0, 6.0, 6.0, 6.0, 6.0, 6.0, 6.0, 6.0]",[],"[4.0, 4.0, 4.0, 4.0, 4.0, 4.0, 4.0, 4.0, 4.0, 4.0]",4.0,agent4,baseline:GrimTrigger,neutral,0.0,grim_trigger,"['OptionA', 'OptionA', 'OptionA', 'OptionA', 'OptionA', 'OptionA', 'OptionA', 'OptionA', 'OptionA', 'OptionA']","[6.0, 6.0, 6.0, 6.0, 6.0, 6.0, 6.0, 6.0, 6.0, 6.0]",[],"[4.0, 4.0, 4.0, 4.0, 4.0, 4.0, 4.0, 4.0, 4.0, 4.0]",4.0,12.0,6.0,0.0,,"[{'sum': 12.0, 'mean': 6.0, 'min': 6.0, 'max': 6.0, 'gini': 0.0}, {'sum': 12.0, 'mean': 6.0, 'min': 6.0, 'max': 6.0, 'gini': 0.0}, {'sum': 12.0, 'mean': 6.0, 'min': 6.0, 'max': 6.0, 'gini': 0.0}, {'sum': 12.0, 'mean': 6.0, 'min': 6.0, 'max': 6.0, 'gini': 0.0}, {'sum': 12.0, 'mean': 6.0, 'min': 6.0, 'max': 6.0, 'gini': 0.0}, {'sum': 12.0, 'mean': 6.0, 'min': 6.0, 'max': 6.0, 'gini': 0.0}, {'sum': 12.0, 'mean': 6.0, 'min': 6.0, 'max': 6.0, 'gini': 0.0}, {'sum': 12.0, 'mean': 6.0, 'min': 6.0, 'max': 6.0, 'gini': 0.0}, {'sum': 12.0, 'mean': 6.0, 'min': 6.0, 'max': 6.0, 'gini': 0.0}, {'sum': 12.0, 'mean': 6.0, 'min': 6.0, 'max': 6.0, 'gini': 0.0}]"
game_67,en,True,10,10,False,False,1,agent2,baseline:AlwaysCooperate,neutral,0.0,always_cooperate,"['OptionA', 'OptionA', 'OptionA', 'OptionA', 'OptionA', 'OptionA', 'OptionA', 'OptionA', 'OptionA', 'OptionA']","[6.0, 6.0, 6.0, 6.0, 6.0, 6.0, 6.0, 6.0, 6.0, 6.0]",[],"[4.0, 4.0, 4.0, 4.0, 4.0, 4.0, 4.0, 4.0, 4.0, 4.0]",4.0,agent4,baseline:GrimTrigger,neutral,0.0,grim_trigger,"['OptionA', 'OptionA', 'OptionA', 'OptionA', 'OptionA', 'OptionA', 'OptionA', 'OptionA', 'OptionA', 'OptionA']","[6.0, 6.0, 6.0, 6.0, 6.0, 6.0, 6.0, 6.0, 6.0, 6.0]",[],"[4.0, 4.0, 4.0, 4.0, 4.0, 4.0, 4.0, 4.0, 4.0, 4.0]",4.0,12.0,6.0,0.0,,"[{'sum': 12.0, 'mean': 6.0, 'min': 6.0, 'max': 6.0, 'gini': 0.0}, {'sum': 12.0, 'mean': 6.0, 'min': 6.0, 'max': 6.0, 'gini': 0.0}, {'sum': 12.0, 'mean': 6.0, 'min': 6.0, 'max': 6.0, 'gini': 0.0}, {'sum': 12.0, 'mean': 6.0, 'min': 6.0, 'max': 6.0, 'gini': 0.0}, {'sum': 12.0, 'mean': 6.0, 'min': 6.0, 'max': 6.0, 'gini': 0.0}, {'sum': 12.0, 'mean': 6.0, 'min': 6.0, 'max': 6.0, 'gini': 0.0}, {'sum': 12.0, 'mean': 6.0, 'min': 6.0, 'max': 6.0, 'gini': 0.0}, {'sum': 12.0, 'mean': 6.0, 'min': 6.0, 'max': 6.0, 'gini': 0.0}, {'sum': 12.0, 'mean': 6.0, 'min': 6.0, 'max': 6.0, 'gini': 0.0}, {'sum': 12.0, 'mean': 6.0, 'min': 6.0, 'max': 6.0, 'gini': 0.0}]"
game_68,en,True,10,10,False,False,1,agent2,baseline:AlwaysCooperate,neutral,0.0,always_cooperate,"['OptionA', 'OptionA', 'OptionA', 'OptionA', 'OptionA', 'OptionA', 'OptionA', 'OptionA', 'OptionA', 'OptionA']","[6.0, 6.0, 6.0, 6.0, 6.0, 6.0, 6.0, 6.0, 6.0, 6.0]",[],"[4.0, 4.0, 4.0, 4.0, 4.0, 4.0, 4.0, 4.0, 4.0, 4.0]",4.0,agent4,baseline:GrimTrigger,neutral,0.0,grim_trigger,"['OptionA', 'OptionA', 'OptionA', 'OptionA', 'OptionA', 'OptionA', 'OptionA', 'OptionA', 'OptionA', 'OptionA']","[6.0, 6.0, 6.0, 6.0, 6.0, 6.0, 6.0, 6.0, 6.0, 6.0]",[],"[4.0, 4.0, 4.0, 4.0, 4.0, 4.0, 4.0, 4.0, 4.0, 4.0]",4.0,12.0,6.0,0.0,,"[{'sum': 12.0, 'mean': 6.0, 'min': 6.0, 'max': 6.0, 'gini': 0.0}, {'sum': 12.0, 'mean': 6.0, 'min': 6.0, 'max': 6.0, 'gini': 0.0}, {'sum': 12.0, 'mean': 6.0, 'min': 6.0, 'max': 6.0, 'gini': 0.0}, {'sum': 12.0, 'mean': 6.0, 'min': 6.0, 'max': 6.0, 'gini': 0.0}, {'sum': 12.0, 'mean': 6.0, 'min': 6.0, 'max': 6.0, 'gini': 0.0}, {'sum': 12.0, 'mean': 6.0, 'min': 6.0, 'max': 6.0, 'gini': 0.0}, {'sum': 12.0, 'mean': 6.0, 'min': 6.0, 'max': 6.0, 'gini': 0.0}, {'sum': 12.0, 'mean': 6.0, 'min': 6.0, 'max': 6.0, 'gini': 0.0}, {'sum': 12.0, 'mean': 6.0, 'min': 6.0, 'max': 6.0, 'gini': 0.0}, {'sum': 12.0, 'mean': 6.0, 'min': 6.0, 'max': 6.0, 'gini': 0.0}]"
game_69,en,True,10,10,False,False,1,agent2,baseline:AlwaysCooperate,neutral,0.0,always_cooperate,"['OptionA', 'OptionA', 'OptionA', 'OptionA', 'OptionA', 'OptionA', 'OptionA', 'OptionA', 'OptionA', 'OptionA']","[6.0, 6.0, 6.0, 6.0, 6.0, 6.0, 6.0, 6.0, 6.0, 6.0]",[],"[4.0, 4.0, 4.0, 4.0, 4.0, 4.0, 4.0, 4.0, 4.0, 4.0]",4.0,agent4,baseline:GrimTrigger,neutral,0.0,grim_trigger,"['OptionA', 'OptionA', 'OptionA', 'OptionA', 'OptionA', 'OptionA', 'OptionA', 'OptionA', 'OptionA', 'OptionA']","[6.0, 6.0, 6.0, 6.0, 6.0, 6.0, 6.0, 6.0, 6.0, 6.0]",[],"[4.0, 4.0, 4.0, 4.0, 4.0, 4.0, 4.0, 4.0, 4.0, 4.0]",4.0,12.0,6.0,0.0,,"[{'sum': 12.0, 'mean': 6.0, 'min': 6.0, 'max': 6.0, 'gini': 0.0}, {'sum': 12.0, 'mean': 6.0, 'min': 6.0, 'max': 6.0, 'gini': 0.0}, {'sum': 12.0, 'mean': 6.0, 'min': 6.0, 'max': 6.0, 'gini': 0.0}, {'sum': 12.0, 'mean': 6.0, 'min': 6.0, 'max': 6.0, 'gini': 0.0}, {'sum': 12.0, 'mean': 6.0, 'min': 6.0, 'max': 6.0, 'gini': 0.0}, {'sum': 12.0, 'mean': 6.0, 'min': 6.0, 'max': 6.0, 'gini': 0.0}, {'sum': 12.0, 'mean': 6.0, 'min': 6.0, 'max': 6.0, 'gini': 0.0}, {'sum': 12.0, 'mean': 6.0, 'min': 6.0, 'max': 6.0, 'gini': 0.0}, {'sum': 12.0, 'mean': 6.0, 'min': 6.0, 'max': 6.0, 'gini': 0.0}, {'sum': 12.0, 'mean': 6.0, 'min': 6.0, 'max': 6.0, 'gini': 0.0}]"
game_70,en,True,10,10,False,False,1,agent2,baseline:AlwaysCooperate,neutral,0.0,always_cooperate,"['OptionA', 'OptionA', 'OptionA', 'OptionA', 'OptionA', 'OptionA', 'OptionA', 'OptionA', 'OptionA', 'OptionA']","[6.0, 6.0, 6.0, 6.0, 6.0, 6.0, 6.0, 6.0, 6.0, 6.0]",[],"[4.0, 4.0, 4.0, 4.0, 4.0, 4.0, 4.0, 4.0, 4.0, 4.0]",4.0,agent4,baseline:GrimTrigger,neutral,0.0,grim_trigger,"['OptionA', 'OptionA', 'OptionA', 'OptionA', 'OptionA', 'OptionA', 'OptionA', 'OptionA', 'OptionA', 'OptionA']","[6.0, 6.0, 6.0, 6.0, 6.0, 6.0, 6.0, 6.0, 6.0, 6.0]",[],"[4.0, 4.0, 4.0, 4.0, 4.0, 4.0, 4.0, 4.0, 4.0, 4.0]",4.0,12.0,6.0,0.0,,"[{'sum': 12.0, 'mean': 6.0, 'min': 6.0, 'max': 6.0, 'gini': 0.0}, {'sum': 12.0, 'mean': 6.0, 'min': 6.0, 'max': 6.0, 'gini': 0.0}, {'sum': 12.0, 'mean': 6.0, 'min': 6.0, 'max': 6.0, 'gini': 0.0}, {'sum': 12.0, 'mean': 6.0, 'min': 6.0, 'max': 6.0, 'gini': 0.0}, {'sum': 12.0, 'mean': 6.0, 'min': 6.0, 'max': 6.0, 'gini': 0.0}, {'sum': 12.0, 'mean': 6.0, 'min': 6.0, 'max': 6.0, 'gini': 0.0}, {'sum': 12.0, 'mean': 6.0, 'min': 6.0, 'max': 6.0, 'gini': 0.0}, {'sum': 12.0, 'mean': 6.0, 'min': 6.0, 'max': 6.0, 'gini': 0.0}, {'sum': 12.0, 'mean': 6.0, 'min': 6.0, 'max': 6.0, 'gini': 0.0}, {'sum': 12.0, 'mean': 6.0, 'min': 6.0, 'max': 6.0, 'gini': 0.0}]"
game_71,en,True,10,10,False,False,1,agent2,baseline:AlwaysCooperate,neutral,0.0,always_cooperate,"['OptionA', 'OptionA', 'OptionA', 'OptionA', 'OptionA', 'OptionA', 'OptionA', 'OptionA', 'OptionA', 'OptionA']","[6.0, 6.0, 6.0, 6.0, 6.0, 6.0, 6.0, 6.0, 6.0, 6.0]",[],"[4.0, 4.0, 4.0, 4.0, 4.0, 4.0, 4.0, 4.0, 4.0, 4.0]",4.0,agent4,baseline:GrimTrigger,neutral,0.0,grim_trigger,"['OptionA', 'OptionA', 'OptionA', 'OptionA', 'OptionA', 'OptionA', 'OptionA', 'OptionA', 'OptionA', 'OptionA']","[6.0, 6.0, 6.0, 6.0, 6.0, 6.0, 6.0, 6.0, 6.0, 6.0]",[],"[4.0, 4.0, 4.0, 4.0, 4.0, 4.0, 4.0, 4.0, 4.0, 4.0]",4.0,12.0,6.0,0.0,,"[{'sum': 12.0, 'mean': 6.0, 'min': 6.0, 'max': 6.0, 'gini': 0.0}, {'sum': 12.0, 'mean': 6.0, 'min': 6.0, 'max': 6.0, 'gini': 0.0}, {'sum': 12.0, 'mean': 6.0, 'min': 6.0, 'max': 6.0, 'gini': 0.0}, {'sum': 12.0, 'mean': 6.0, 'min': 6.0, 'max': 6.0, 'gini': 0.0}, {'sum': 12.0, 'mean': 6.0, 'min': 6.0, 'max': 6.0, 'gini': 0.0}, {'sum': 12.0, 'mean': 6.0, 'min': 6.0, 'max': 6.0, 'gini': 0.0}, {'sum': 12.0, 'mean': 6.0, 'min': 6.0, 'max': 6.0, 'gini': 0.0}, {'sum': 12.0, 'mean': 6.0, 'min': 6.0, 'max': 6.0, 'gini': 0.0}, {'sum': 12.0, 'mean': 6.0, 'min': 6.0, 'max': 6.0, 'gini': 0.0}, {'sum': 12.0, 'mean': 6.0, 'min': 6.0, 'max': 6.0, 'gini': 0.0}]"
game_72,en,True,10,10,False,False,1,agent2,baseline:AlwaysCooperate,neutral,0.0,always_cooperate,"['OptionA', 'OptionA', 'OptionA', 'OptionA', 'OptionA', 'OptionA', 'OptionA', 'OptionA', 'OptionA', 'OptionA']","[6.0, 6.0, 6.0, 6.0, 6.0, 6.0, 6.0, 6.0, 6.0, 6.0]",[],"[4.0, 4.0, 4.0, 4.0, 4.0, 4.0, 4.0, 4.0, 4.0, 4.0]",4.0,agent4,baseline:GrimTrigger,neutral,0.0,grim_trigger,"['OptionA', 'OptionA', 'OptionA', 'OptionA', 'OptionA', 'OptionA', 'OptionA', 'OptionA', 'OptionA', 'OptionA']","[6.0, 6.0, 6.0, 6.0, 6.0, 6.0, 6.0, 6.0, 6.0, 6.0]",[],"[4.0, 4.0, 4.0, 4.0, 4.0, 4.0, 4.0, 4.0, 4.0, 4.0]",4.0,12.0,6.0,0.0,,"[{'sum': 12.0, 'mean': 6.0, 'min': 6.0, 'max': 6.0, 'gini': 0.0}, {'sum': 12.0, 'mean': 6.0, 'min': 6.0, 'max': 6.0, 'gini': 0.0}, {'sum': 12.0, 'mean': 6.0, 'min': 6.0, 'max': 6.0, 'gini': 0.0}, {'sum': 12.0, 'mean': 6.0, 'min': 6.0, 'max': 6.0, 'gini': 0.0}, {'sum': 12.0, 'mean': 6.0, 'min': 6.0, 'max': 6.0, 'gini': 0.0}, {'sum': 12.0, 'mean': 6.0, 'min': 6.0, 'max': 6.0, 'gini': 0.0}, {'sum': 12.0, 'mean': 6.0, 'min': 6.0, 'max': 6.0, 'gini': 0.0}, {'sum': 12.0, 'mean': 6.0, 'min': 6.0, 'max': 6.0, 'gini': 0.0}, {'sum': 12.0, 'mean': 6.0, 'min': 6.0, 'max': 6.0, 'gini': 0.0}, {'sum': 12.0, 'mean': 6.0, 'min': 6.0, 'max': 6.0, 'gini': 0.0}]"
game_73,en,True,10,10,False,False,1,agent2,baseline:AlwaysCooperate,neutral,0.0,always_cooperate,"['OptionA', 'OptionA', 'OptionA', 'OptionA', 'OptionA', 'OptionA', 'OptionA', 'OptionA', 'OptionA', 'OptionA']","[6.0, 6.0, 6.0, 6.0, 6.0, 6.0, 6.0, 6.0, 6.0, 6.0]",[],"[4.0, 4.0, 4.0, 4.0, 4.0, 4.0, 4.0, 4.0, 4.0, 4.0]",4.0,agent4,baseline:GrimTrigger,neutral,0.0,grim_trigger,"['OptionA', 'OptionA', 'OptionA', 'OptionA', 'OptionA', 'OptionA', 'OptionA', 'OptionA', 'OptionA', 'OptionA']","[6.0, 6.0, 6.0, 6.0, 6.0, 6.0, 6.0, 6.0, 6.0, 6.0]",[],"[4.0, 4.0, 4.0, 4.0, 4.0, 4.0, 4.0, 4.0, 4.0, 4.0]",4.0,12.0,6.0,0.0,,"[{'sum': 12.0, 'mean': 6.0, 'min': 6.0, 'max': 6.0, 'gini': 0.0}, {'sum': 12.0, 'mean': 6.0, 'min': 6.0, 'max': 6.0, 'gini': 0.0}, {'sum': 12.0, 'mean': 6.0, 'min': 6.0, 'max': 6.0, 'gini': 0.0}, {'sum': 12.0, 'mean': 6.0, 'min': 6.0, 'max': 6.0, 'gini': 0.0}, {'sum': 12.0, 'mean': 6.0, 'min': 6.0, 'max': 6.0, 'gini': 0.0}, {'sum': 12.0, 'mean': 6.0, 'min': 6.0, 'max': 6.0, 'gini': 0.0}, {'sum': 12.0, 'mean': 6.0, 'min': 6.0, 'max': 6.0, 'gini': 0.0}, {'sum': 12.0, 'mean': 6.0, 'min': 6.0, 'max': 6.0, 'gini': 0.0}, {'sum': 12.0, 'mean': 6.0, 'min': 6.0, 'max': 6.0, 'gini': 0.0}, {'sum': 12.0, 'mean': 6.0, 'min': 6.0, 'max': 6.0, 'gini': 0.0}]"
game_74,en,True,10,10,False,False,1,agent2,baseline:AlwaysCooperate,neutral,0.0,always_cooperate,"['OptionA', 'OptionA', 'OptionA', 'OptionA', 'OptionA', 'OptionA', 'OptionA', 'OptionA', 'OptionA', 'OptionA']","[6.0, 6.0, 6.0, 6.0, 6.0, 6.0, 6.0, 6.0, 6.0, 6.0]",[],"[4.0, 4.0, 4.0, 4.0, 4.0, 4.0, 4.0, 4.0, 4.0, 4.0]",4.0,agent4,baseline:GrimTrigger,neutral,0.0,grim_trigger,"['OptionA', 'OptionA', 'OptionA', 'OptionA', 'OptionA', 'OptionA', 'OptionA', 'OptionA', 'OptionA', 'OptionA']","[6.0, 6.0, 6.0, 6.0, 6.0, 6.0, 6.0, 6.0, 6.0, 6.0]",[],"[4.0, 4.0, 4.0, 4.0, 4.0, 4.0, 4.0, 4.0, 4.0, 4.0]",4.0,12.0,6.0,0.0,,"[{'sum': 12.0, 'mean': 6.0, 'min': 6.0, 'max': 6.0, 'gini': 0.0}, {'sum': 12.0, 'mean': 6.0, 'min': 6.0, 'max': 6.0, 'gini': 0.0}, {'sum': 12.0, 'mean': 6.0, 'min': 6.0, 'max': 6.0, 'gini': 0.0}, {'sum': 12.0, 'mean': 6.0, 'min': 6.0, 'max': 6.0, 'gini': 0.0}, {'sum': 12.0, 'mean': 6.0, 'min': 6.0, 'max': 6.0, 'gini': 0.0}, {'sum': 12.0, 'mean': 6.0, 'min': 6.0, 'max': 6.0, 'gini': 0.0}, {'sum': 12.0, 'mean': 6.0, 'min': 6.0, 'max': 6.0, 'gini': 0.0}, {'sum': 12.0, 'mean': 6.0, 'min': 6.0, 'max': 6.0, 'gini': 0.0}, {'sum': 12.0, 'mean': 6.0, 'min': 6.0, 'max': 6.0, 'gini': 0.0}, {'sum': 12.0, 'mean': 6.0, 'min': 6.0, 'max': 6.0, 'gini': 0.0}]"
game_75,en,True,10,10,False,False,1,agent2,baseline:AlwaysCooperate,neutral,0.0,always_cooperate,"['OptionA', 'OptionA', 'OptionA', 'OptionA', 'OptionA', 'OptionA', 'OptionA', 'OptionA', 'OptionA', 'OptionA']","[6.0, 6.0, 6.0, 6.0, 6.0, 6.0, 6.0, 6.0, 6.0, 6.0]",[],"[4.0, 4.0, 4.0, 4.0, 4.0, 4.0, 4.0, 4.0, 4.0, 4.0]",4.0,agent4,baseline:GrimTrigger,neutral,0.0,grim_trigger,"['OptionA', 'OptionA', 'OptionA', 'OptionA', 'OptionA', 'OptionA', 'OptionA', 'OptionA', 'OptionA', 'OptionA']","[6.0, 6.0, 6.0, 6.0, 6.0, 6.0, 6.0, 6.0, 6.0, 6.0]",[],"[4.0, 4.0, 4.0, 4.0, 4.0, 4.0, 4.0, 4.0, 4.0, 4.0]",4.0,12.0,6.0,0.0,,"[{'sum': 12.0, 'mean': 6.0, 'min': 6.0, 'max': 6.0, 'gini': 0.0}, {'sum': 12.0, 'mean': 6.0, 'min': 6.0, 'max': 6.0, 'gini': 0.0}, {'sum': 12.0, 'mean': 6.0, 'min': 6.0, 'max': 6.0, 'gini': 0.0}, {'sum': 12.0, 'mean': 6.0, 'min': 6.0, 'max': 6.0, 'gini': 0.0}, {'sum': 12.0, 'mean': 6.0, 'min': 6.0, 'max': 6.0, 'gini': 0.0}, {'sum': 12.0, 'mean': 6.0, 'min': 6.0, 'max': 6.0, 'gini': 0.0}, {'sum': 12.0, 'mean': 6.0, 'min': 6.0, 'max': 6.0, 'gini': 0.0}, {'sum': 12.0, 'mean': 6.0, 'min': 6.0, 'max': 6.0, 'gini': 0.0}, {'sum': 12.0, 'mean': 6.0, 'min': 6.0, 'max': 6.0, 'gini': 0.0}, {'sum': 12.0, 'mean': 6.0, 'min': 6.0, 'max': 6.0, 'gini': 0.0}]"
game_76,en,True,10,10,False,False,1,agent2,baseline:AlwaysCooperate,neutral,0.0,always_cooperate,"['OptionA', 'OptionA', 'OptionA', 'OptionA', 'OptionA', 'OptionA', 'OptionA', 'OptionA', 'OptionA', 'OptionA']","[6.0, 6.0, 6.0, 6.0, 6.0, 6.0, 6.0, 6.0, 6.0, 6.0]",[],"[4.0, 4.0, 4.0, 4.0, 4.0, 4.0, 4.0, 4.0, 4.0, 4.0]",4.0,agent4,baseline:GrimTrigger,neutral,0.0,grim_trigger,"['OptionA', 'OptionA', 'OptionA', 'OptionA', 'OptionA', 'OptionA', 'OptionA', 'OptionA', 'OptionA', 'OptionA']","[6.0, 6.0, 6.0, 6.0, 6.0, 6.0, 6.0, 6.0, 6.0, 6.0]",[],"[4.0, 4.0, 4.0, 4.0, 4.0, 4.0, 4.0, 4.0, 4.0, 4.0]",4.0,12.0,6.0,0.0,,"[{'sum': 12.0, 'mean': 6.0, 'min': 6.0, 'max': 6.0, 'gini': 0.0}, {'sum': 12.0, 'mean': 6.0, 'min': 6.0, 'max': 6.0, 'gini': 0.0}, {'sum': 12.0, 'mean': 6.0, 'min': 6.0, 'max': 6.0, 'gini': 0.0}, {'sum': 12.0, 'mean': 6.0, 'min': 6.0, 'max': 6.0, 'gini': 0.0}, {'sum': 12.0, 'mean': 6.0, 'min': 6.0, 'max': 6.0, 'gini': 0.0}, {'sum': 12.0, 'mean': 6.0, 'min': 6.0, 'max': 6.0, 'gini': 0.0}, {'sum': 12.0, 'mean': 6.0, 'min': 6.0, 'max': 6.0, 'gini': 0.0}, {'sum': 12.0, 'mean': 6.0, 'min': 6.0, 'max': 6.0, 'gini': 0.0}, {'sum': 12.0, 'mean': 6.0, 'min': 6.0, 'max': 6.0, 'gini': 0.0}, {'sum': 12.0, 'mean': 6.0, 'min': 6.0, 'max': 6.0, 'gini': 0.0}]"
game_77,en,True,10,10,False,False,1,agent2,baseline:AlwaysCooperate,neutral,0.0,always_cooperate,"['OptionA', 'OptionA', 'OptionA', 'OptionA', 'OptionA', 'OptionA', 'OptionA', 'OptionA', 'OptionA', 'OptionA']","[6.0, 6.0, 6.0, 6.0, 6.0, 6.0, 6.0, 6.0, 6.0, 6.0]",[],"[4.0, 4.0, 4.0, 4.0, 4.0, 4.0, 4.0, 4.0, 4.0, 4.0]",4.0,agent4,baseline:GrimTrigger,neutral,0.0,grim_trigger,"['OptionA', 'OptionA', 'OptionA', 'OptionA', 'OptionA', 'OptionA', 'OptionA', 'OptionA', 'OptionA', 'OptionA']","[6.0, 6.0, 6.0, 6.0, 6.0, 6.0, 6.0, 6.0, 6.0, 6.0]",[],"[4.0, 4.0, 4.0, 4.0, 4.0, 4.0, 4.0, 4.0, 4.0, 4.0]",4.0,12.0,6.0,0.0,,"[{'sum': 12.0, 'mean': 6.0, 'min': 6.0, 'max': 6.0, 'gini': 0.0}, {'sum': 12.0, 'mean': 6.0, 'min': 6.0, 'max': 6.0, 'gini': 0.0}, {'sum': 12.0, 'mean': 6.0, 'min': 6.0, 'max': 6.0, 'gini': 0.0}, {'sum': 12.0, 'mean': 6.0, 'min': 6.0, 'max': 6.0, 'gini': 0.0}, {'sum': 12.0, 'mean': 6.0, 'min': 6.0, 'max': 6.0, 'gini': 0.0}, {'sum': 12.0, 'mean': 6.0, 'min': 6.0, 'max': 6.0, 'gini': 0.0}, {'sum': 12.0, 'mean': 6.0, 'min': 6.0, 'max': 6.0, 'gini': 0.0}, {'sum': 12.0, 'mean': 6.0, 'min': 6.0, 'max': 6.0, 'gini': 0.0}, {'sum': 12.0, 'mean': 6.0, 'min': 6.0, 'max': 6.0, 'gini': 0.0}, {'sum': 12.0, 'mean': 6.0, 'min': 6.0, 'max': 6.0, 'gini': 0.0}]"
game_78,en,True,10,10,False,False,1,agent2,baseline:AlwaysCooperate,neutral,0.0,always_cooperate,"['OptionA', 'OptionA', 'OptionA', 'OptionA', 'OptionA', 'OptionA', 'OptionA', 'OptionA', 'OptionA', 'OptionA']","[6.0, 6.0, 6.0, 6.0, 6.0, 6.0, 6.0, 6.0, 6.0, 6.0]",[],"[4.0, 4.0, 4.0, 4.0, 4.0, 4.0, 4.0, 4.0, 4.0, 4.0]",4.0,agent4,baseline:GrimTrigger,neutral,0.0,grim_trigger,"['OptionA', 'OptionA', 'OptionA', 'OptionA', 'OptionA', 'OptionA', 'OptionA', 'OptionA', 'OptionA', 'OptionA']","[6.0, 6.0, 6.0, 6.0, 6.0, 6.0, 6.0, 6.0, 6.0, 6.0]",[],"[4.0, 4.0, 4.0, 4.0, 4.0, 4.0, 4.0, 4.0, 4.0, 4.0]",4.0,12.0,6.0,0.0,,"[{'sum': 12.0, 'mean': 6.0, 'min': 6.0, 'max': 6.0, 'gini': 0.0}, {'sum': 12.0, 'mean': 6.0, 'min': 6.0, 'max': 6.0, 'gini': 0.0}, {'sum': 12.0, 'mean': 6.0, 'min': 6.0, 'max': 6.0, 'gini': 0.0}, {'sum': 12.0, 'mean': 6.0, 'min': 6.0, 'max': 6.0, 'gini': 0.0}, {'sum': 12.0, 'mean': 6.0, 'min': 6.0, 'max': 6.0, 'gini': 0.0}, {'sum': 12.0, 'mean': 6.0, 'min': 6.0, 'max': 6.0, 'gini': 0.0}, {'sum': 12.0, 'mean': 6.0, 'min': 6.0, 'max': 6.0, 'gini': 0.0}, {'sum': 12.0, 'mean': 6.0, 'min': 6.0, 'max': 6.0, 'gini': 0.0}, {'sum': 12.0, 'mean': 6.0, 'min': 6.0, 'max': 6.0, 'gini': 0.0}, {'sum': 12.0, 'mean': 6.0, 'min': 6.0, 'max': 6.0, 'gini': 0.0}]"
game_79,en,True,10,10,False,False,1,agent2,baseline:AlwaysCooperate,neutral,0.0,always_cooperate,"['OptionA', 'OptionA', 'OptionA', 'OptionA', 'OptionA', 'OptionA', 'OptionA', 'OptionA', 'OptionA', 'OptionA']","[6.0, 6.0, 6.0, 6.0, 6.0, 6.0, 6.0, 6.0, 6.0, 6.0]",[],"[4.0, 4.0, 4.0, 4.0, 4.0, 4.0, 4.0, 4.0, 4.0, 4.0]",4.0,agent4,baseline:GrimTrigger,neutral,0.0,grim_trigger,"['OptionA', 'OptionA', 'OptionA', 'OptionA', 'OptionA', 'OptionA', 'OptionA', 'OptionA', 'OptionA', 'OptionA']","[6.0, 6.0, 6.0, 6.0, 6.0, 6.0, 6.0, 6.0, 6.0, 6.0]",[],"[4.0, 4.0, 4.0, 4.0, 4.0, 4.0, 4.0, 4.0, 4.0, 4.0]",4.0,12.0,6.0,0.0,,"[{'sum': 12.0, 'mean': 6.0, 'min': 6.0, 'max': 6.0, 'gini': 0.0}, {'sum': 12.0, 'mean': 6.0, 'min': 6.0, 'max': 6.0, 'gini': 0.0}, {'sum': 12.0, 'mean': 6.0, 'min': 6.0, 'max': 6.0, 'gini': 0.0}, {'sum': 12.0, 'mean': 6.0, 'min': 6.0, 'max': 6.0, 'gini': 0.0}, {'sum': 12.0, 'mean': 6.0, 'min': 6.0, 'max': 6.0, 'gini': 0.0}, {'sum': 12.0, 'mean': 6.0, 'min': 6.0, 'max': 6.0, 'gini': 0.0}, {'sum': 12.0, 'mean': 6.0, 'min': 6.0, 'max': 6.0, 'gini': 0.0}, {'sum': 12.0, 'mean': 6.0, 'min': 6.0, 'max': 6.0, 'gini': 0.0}, {'sum': 12.0, 'mean': 6.0, 'min': 6.0, 'max': 6.0, 'gini': 0.0}, {'sum': 12.0, 'mean': 6.0, 'min': 6.0, 'max': 6.0, 'gini': 0.0}]"
game_80,en,True,10,2,False,False,1,agent3,baseline:AlwaysDefect,neutral,0.0,always_defect,"['OptionB', 'OptionB']","[10.0, 2.0]",[],"[0.0, 0.0]",0.0,agent4,baseline:GrimTrigger,neutral,0.0,grim_trigger,"['OptionA', 'OptionB']","[0.0, 2.0]",[],"[2.0, 0.0]",1.0,7.0,1.0,0.25,,"[{'sum': 10.0, 'mean': 5.0, 'min': 0.0, 'max': 10.0, 'gini': 0.5}, {'sum': 4.0, 'mean': 2.0, 'min': 2.0, 'max': 2.0, 'gini': 0.0}]"
game_81,en,True,10,2,False,False,1,agent3,baseline:AlwaysDefect,neutral,0.0,always_defect,"['OptionB', 'OptionB']","[10.0, 2.0]",[],"[0.0, 0.0]",0.0,agent4,baseline:GrimTrigger,neutral,0.0,grim_trigger,"['OptionA', 'OptionB']","[0.0, 2.0]",[],"[2.0, 0.0]",1.0,7.0,1.0,0.25,,"[{'sum': 10.0, 'mean': 5.0, 'min': 0.0, 'max': 10.0, 'gini': 0.5}, {'sum': 4.0, 'mean': 2.0, 'min': 2.0, 'max': 2.0, 'gini': 0.0}]"
game_82,en,True,10,2,False,False,1,agent3,baseline:AlwaysDefect,neutral,0.0,always_defect,"['OptionB', 'OptionB']","[10.0, 2.0]",[],"[0.0, 0.0]",0.0,agent4,baseline:GrimTrigger,neutral,0.0,grim_trigger,"['OptionA', 'OptionB']","[0.0, 2.0]",[],"[2.0, 0.0]",1.0,7.0,1.0,0.25,,"[{'sum': 10.0, 'mean': 5.0, 'min': 0.0, 'max': 10.0, 'gini': 0.5}, {'sum': 4.0, 'mean': 2.0, 'min': 2.0, 'max': 2.0, 'gini': 0.0}]"
game_83,en,True,10,2,False,False,1,agent3,baseline:AlwaysDefect,neutral,0.0,always_defect,"['OptionB', 'OptionB']","[10.0, 2.0]",[],"[0.0, 0.0]",0.0,agent4,baseline:GrimTrigger,neutral,0.0,grim_trigger,"['OptionA', 'OptionB']","[0.0, 2.0]",[],"[2.0, 0.0]",1.0,7.0,1.0,0.25,,"[{'sum': 10.0, 'mean': 5.0, 'min': 0.0, 'max': 10.0, 'gini': 0.5}, {'sum': 4.0, 'mean': 2.0, 'min': 2.0, 'max': 2.0, 'gini': 0.0}]"
game_84,en,True,10,2,False,False,1,agent3,baseline:AlwaysDefect,neutral,0.0,always_defect,"['OptionB', 'OptionB']","[10.0, 2.0]",[],"[0.0, 0.0]",0.0,agent4,baseline:GrimTrigger,neutral,0.0,grim_trigger,"['OptionA', 'OptionB']","[0.0, 2.0]",[],"[2.0, 0.0]",1.0,7.0,1.0,0.25,,"[{'sum': 10.0, 'mean': 5.0, 'min': 0.0, 'max': 10.0, 'gini': 0.5}, {'sum': 4.0, 'mean': 2.0, 'min': 2.0, 'max': 2.0, 'gini': 0.0}]"
game_85,en,True,10,2,False,False,1,agent3,baseline:AlwaysDefect,neutral,0.0,always_defect,"['OptionB', 'OptionB']","[10.0, 2.0]",[],"[0.0, 0.0]",0.0,agent4,baseline:GrimTrigger,neutral,0.0,grim_trigger,"['OptionA', 'OptionB']","[0.0, 2.0]",[],"[2.0, 0.0]",1.0,7.0,1.0,0.25,,"[{'sum': 10.0, 'mean': 5.0, 'min': 0.0, 'max': 10.0, 'gini': 0.5}, {'sum': 4.0, 'mean': 2.0, 'min': 2.0, 'max': 2.0, 'gini': 0.0}]"
game_86,en,True,10,2,False,False,1,agent3,baseline:AlwaysDefect,neutral,0.0,always_defect,"['OptionB', 'OptionB']","[10.0, 2.0]",[],"[0.0, 0.0]",0.0,agent4,baseline:GrimTrigger,neutral,0.0,grim_trigger,"['OptionA', 'OptionB']","[0.0, 2.0]",[],"[2.0, 0.0]",1.0,7.0,1.0,0.25,,"[{'sum': 10.0, 'mean': 5.0, 'min': 0.0, 'max': 10.0, 'gini': 0.5}, {'sum': 4.0, 'mean': 2.0, 'min': 2.0, 'max': 2.0, 'gini': 0.0}]"
game_87,en,True,10,2,False,False,1,agent3,baseline:AlwaysDefect,neutral,0.0,always_defect,"['OptionB', 'OptionB']","[10.0, 2.0]",[],"[0.0, 0.0]",0.0,agent4,baseline:GrimTrigger,neutral,0.0,grim_trigger,"['OptionA', 'OptionB']","[0.0, 2.0]",[],"[2.0, 0.0]",1.0,7.0,1.0,0.25,,"[{'sum': 10.0, 'mean': 5.0, 'min': 0.0, 'max': 10.0, 'gini': 0.5}, {'sum': 4.0, 'mean': 2.0, 'min': 2.0, 'max': 2.0, 'gini': 0.0}]"
game_88,en,True,10,2,False,False,1,agent3,baseline:AlwaysDefect,neutral,0.0,always_defect,"['OptionB', 'OptionB']","[10.0, 2.0]",[],"[0.0, 0.0]",0.0,agent4,baseline:GrimTrigger,neutral,0.0,grim_trigger,"['OptionA', 'OptionB']","[0.0, 2.0]",[],"[2.0, 0.0]",1.0,7.0,1.0,0.25,,"[{'sum': 10.0, 'mean': 5.0, 'min': 0.0, 'max': 10.0, 'gini': 0.5}, {'sum': 4.0, 'mean': 2.0, 'min': 2.0, 'max': 2.0, 'gini': 0.0}]"
game_89,en,True,10,2,False,False,1,agent3,baseline:AlwaysDefect,neutral,0.0,always_defect,"['OptionB', 'OptionB']","[10.0, 2.0]",[],"[0.0, 0.0]",0.0,agent4,baseline:GrimTrigger,neutral,0.0,grim_trigger,"['OptionA', 'OptionB']","[0.0, 2.0]",[],"[2.0, 0.0]",1.0,7.0,1.0,0.25,,"[{'sum': 10.0, 'mean': 5.0, 'min': 0.0, 'max': 10.0, 'gini': 0.5}, {'sum': 4.0, 'mean': 2.0, 'min': 2.0, 'max': 2.0, 'gini': 0.0}]"
game_90,en,True,10,2,False,False,1,agent3,baseline:AlwaysDefect,neutral,0.0,always_defect,"['OptionB', 'OptionB']","[10.0, 2.0]",[],"[0.0, 0.0]",0.0,agent4,baseline:GrimTrigger,neutral,0.0,grim_trigger,"['OptionA', 'OptionB']","[0.0, 2.0]",[],"[2.0, 0.0]",1.0,7.0,1.0,0.25,,"[{'sum': 10.0, 'mean': 5.0, 'min': 0.0, 'max': 10.0, 'gini': 0.5}, {'sum': 4.0, 'mean': 2.0, 'min': 2.0, 'max': 2.0, 'gini': 0.0}]"
game_91,en,True,10,2,False,False,1,agent3,baseline:AlwaysDefect,neutral,0.0,always_defect,"['OptionB', 'OptionB']","[10.0, 2.0]",[],"[0.0, 0.0]",0.0,agent4,baseline:GrimTrigger,neutral,0.0,grim_trigger,"['OptionA', 'OptionB']","[0.0, 2.0]",[],"[2.0, 0.0]",1.0,7.0,1.0,0.25,,"[{'sum': 10.0, 'mean': 5.0, 'min': 0.0, 'max': 10.0, 'gini': 0.5}, {'sum': 4.0, 'mean': 2.0, 'min': 2.0, 'max': 2.0, 'gini': 0.0}]"
game_92,en,True,10,2,False,False,1,agent3,baseline:AlwaysDefect,neutral,0.0,always_defect,"['OptionB', 'OptionB']","[10.0, 2.0]",[],"[0.0, 0.0]",0.0,agent4,baseline:GrimTrigger,neutral,0.0,grim_trigger,"['OptionA', 'OptionB']","[0.0, 2.0]",[],"[2.0, 0.0]",1.0,7.0,1.0,0.25,,"[{'sum': 10.0, 'mean': 5.0, 'min': 0.0, 'max': 10.0, 'gini': 0.5}, {'sum': 4.0, 'mean': 2.0, 'min': 2.0, 'max': 2.0, 'gini': 0.0}]"
game_93,en,True,10,2,False,False,1,agent3,baseline:AlwaysDefect,neutral,0.0,always_defect,"['OptionB', 'OptionB']","[10.0, 2.0]",[],"[0.0, 0.0]",0.0,agent4,baseline:GrimTrigger,neutral,0.0,grim_trigger,"['OptionA', 'OptionB']","[0.0, 2.0]",[],"[2.0, 0.0]",1.0,7.0,1.0,0.25,,"[{'sum': 10.0, 'mean': 5.0, 'min': 0.0, 'max': 10.0, 'gini': 0.5}, {'sum': 4.0, 'mean': 2.0, 'min': 2.0, 'max': 2.0, 'gini': 0.0}]"
game_94,en,True,10,2,False,False,1,agent3,baseline:AlwaysDefect,neutral,0.0,always_defect,"['OptionB', 'OptionB']","[10.0, 2.0]",[],"[0.0, 0.0]",0.0,agent4,baseline:GrimTrigger,neutral,0.0,grim_trigger,"['OptionA', 'OptionB']","[0.0, 2.0]",[],"[2.0, 0.0]",1.0,7.0,1.0,0.25,,"[{'sum': 10.0, 'mean': 5.0, 'min': 0.0, 'max': 10.0, 'gini': 0.5}, {'sum': 4.0, 'mean': 2.0, 'min': 2.0, 'max': 2.0, 'gini': 0.0}]"
game_95,en,True,10,2,False,False,1,agent3,baseline:AlwaysDefect,neutral,0.0,always_defect,"['OptionB', 'OptionB']","[10.0, 2.0]",[],"[0.0, 0.0]",0.0,agent4,baseline:GrimTrigger,neutral,0.0,grim_trigger,"['OptionA', 'OptionB']","[0.0, 2.0]",[],"[2.0, 0.0]",1.0,7.0,1.0,0.25,,"[{'sum': 10.0, 'mean': 5.0, 'min': 0.0, 'max': 10.0, 'gini': 0.5}, {'sum': 4.0, 'mean': 2.0, 'min': 2.0, 'max': 2.0, 'gini': 0.0}]"
